Date,Location,Species,Gasex_typeOrSequence,Barcode,LWP_coll_time,LWP_time,LWP_bar,LWP_comment
2016-02-13,PA-PNM,ALBIAD,Diurnal 1,BNL10401,8:21,-9999,22,
2016-02-13,PA-PNM,ALBIAD,Diurnal 1,BNL10421,8:08,-9999,28,
2016-02-13,PA-PNM,ALBIAD,Diurnal 1,BNL10422,8:17,-9999,21,
2016-02-13,PA-PNM,ANACEX,Diurnal 1,BNL10425,7:22,-9999,17,
2016-02-13,PA-PNM,ANACEX,Diurnal 1,BNL10426,7:19,-9999,12,
2016-02-13,PA-PNM,ANACEX,Diurnal 1,BNL10427,7:24,-9999,8.5,
2016-02-13,PA-PNM,ANTITR,Diurnal 1,BNL10403,8:36,-9999,19.5,
2016-02-13,PA-PNM,ANTITR,Diurnal 1,BNL10410,8:31,-9999,21,
2016-02-13,PA-PNM,ANTITR,Diurnal 1,BNL10414,8:39,-9999,19,
2016-02-13,PA-PNM,CAL2CA,Diurnal 1,BNL10402,7:50,-9999,22.5,
2016-02-13,PA-PNM,CAL2CA,Diurnal 1,BNL10404,7:45,-9999,22,
2016-02-13,PA-PNM,CAL2CA,Diurnal 1,BNL10417,7:48,-9999,14.5,
2016-02-13,PA-PNM,CASTEL,Diurnal 1,BNL10405,7:01,-9999,20,
2016-02-13,PA-PNM,CASTEL,Diurnal 1,BNL10411,7:04,-9999,21,
2016-02-13,PA-PNM,CASTEL,Diurnal 1,BNL10413,6:58,-9999,23,
2016-02-13,PA-PNM,CORDAL,Diurnal 1,BNL10418,7:31,-9999,24,
2016-02-13,PA-PNM,CORDAL,Diurnal 1,BNL10419,7:34,-9999,27.5,
2016-02-13,PA-PNM,CORDAL,Diurnal 1,BNL10420,7:37,-9999,22,
2016-02-13,PA-PNM,FICUIN,Diurnal 1,BNL10408,8:02,-9999,21.5,
2016-02-13,PA-PNM,FICUIN,Diurnal 1,BNL10409,7:58,-9999,24.5,
2016-02-13,PA-PNM,FICUIN,Diurnal 1,BNL10412,7:55,-9999,22,
2016-02-13,PA-PNM,LUEHSE,Diurnal 1,BNL10416,7:14,-9999,21,
2016-02-13,PA-PNM,LUEHSE,Diurnal 1,BNL10423,7:11,-9999,-9999,Petiole broken
2016-02-13,PA-PNM,LUEHSE,Diurnal 1,BNL10424,7:09,-9999,28.5,
2016-02-13,PA-PNM,ALBIAD,Diurnal 2,BNL10429,12:02,-9999,27.5,
2016-02-13,PA-PNM,ALBIAD,Diurnal 2,BNL10430,12:09,-9999,28,
2016-02-13,PA-PNM,ANACEX,Diurnal 2,BNL10624,10:48,-9999,13.5,
2016-02-13,PA-PNM,ANACEX,Diurnal 2,BNL10625,10:52,-9999,15.5,
2016-02-13,PA-PNM,ANTITR,Diurnal 2,BNL10609,12:16,-9999,10,Petiole broken
2016-02-13,PA-PNM,ANTITR,Diurnal 2,BNL10618,12:19,-9999,18.5,
2016-02-13,PA-PNM,CAL2CA,Diurnal 2,BNL10610,11:28,-9999,33,
2016-02-13,PA-PNM,CAL2CA,Diurnal 2,BNL10613,11:24,-9999,27,
2016-02-13,PA-PNM,CASTEL,Diurnal 2,BNL10406,10:06,-9999,16,
2016-02-13,PA-PNM,CASTEL,Diurnal 2,BNL10407,10:14,-9999,17,
2016-02-13,PA-PNM,CORDAL,Diurnal 2,BNL10616,11:05,-9999,14.5,
2016-02-13,PA-PNM,CORDAL,Diurnal 2,BNL10617,11:01,-9999,14.5,
2016-02-13,PA-PNM,FICUIN,Diurnal 2,BNL10611,11:39,-9999,5,
2016-02-13,PA-PNM,FICUIN,Diurnal 2,BNL10615,11:54,-9999,23,
2016-02-13,PA-PNM,LUEHSE,Diurnal 2,BNL10415,10:23,-9999,26.5,
2016-02-13,PA-PNM,LUEHSE,Diurnal 2,BNL10623,10:38,-9999,25,
2016-02-13,PA-PNM,ALBIAD,Diurnal 3,BNL10671,14:57,-9999,26.5,
2016-02-13,PA-PNM,ALBIAD,Diurnal 3,BNL10672,15:03,-9999,15.5,
2016-02-13,PA-PNM,ANACEX,Diurnal 3,BNL10679,14:08,-9999,9.5,
2016-02-13,PA-PNM,ANACEX,Diurnal 3,BNL10680,14:03,-9999,12,
2016-02-13,PA-PNM,ANTITR,Diurnal 3,BNL10620,15:16,-9999,20.5,
2016-02-13,PA-PNM,ANTITR,Diurnal 3,BNL10674,15:09,-9999,19.5,
2016-02-13,PA-PNM,ANTITR,Diurnal 3,BNL10675,15:13,-9999,21.5,
2016-02-13,PA-PNM,CAL2CA,Diurnal 3,BNL10669,14:39,-9999,-9999,Petiole broken
2016-02-13,PA-PNM,CAL2CA,Diurnal 3,BNL10673,14:34,-9999,30.5,
2016-02-13,PA-PNM,CASTEL,Diurnal 3,BNL10666,13:47,-9999,18.5,
2016-02-13,PA-PNM,CASTEL,Diurnal 3,BNL10682,13:51,-9999,8,
2016-02-13,PA-PNM,CORDAL,Diurnal 3,BNL10668,14:24,-9999,29.5,
2016-02-13,PA-PNM,CORDAL,Diurnal 3,BNL10677,14:21,-9999,24.5,
2016-02-13,PA-PNM,CORDAL,Diurnal 3,BNL10678,14:16,-9999,14,
2016-02-13,PA-PNM,FICUIN,Diurnal 3,BNL10670,14:45,-9999,17.5,
2016-02-13,PA-PNM,FICUIN,Diurnal 3,BNL10676,14:50,-9999,13.5,
2016-02-13,PA-PNM,LUEHSE,Diurnal 3,BNL10681,13:56,-9999,24.5,
2016-02-13,PA-PNM,LUEHSE,Diurnal 3,BNL10683,13:59,-9999,28.5,
2016-02-13,PA-PNM,ALBIAD,Diurnal 4,BNL10601,17:15,-9999,23,
2016-02-13,PA-PNM,ALBIAD,Diurnal 4,BNL10654,17:21,-9999,19,
2016-02-13,PA-PNM,ANACEX,Diurnal 4,BNL10605,16:26,-9999,10,
2016-02-13,PA-PNM,ANACEX,Diurnal 4,BNL10606,16:31,-9999,12.5,
2016-02-13,PA-PNM,ANTITR,Diurnal 4,BNL10655,17:29,-9999,23,
2016-02-13,PA-PNM,ANTITR,Diurnal 4,BNL10656,17:32,-9999,18,
2016-02-13,PA-PNM,CAL2CA,Diurnal 4,BNL10604,16:52,-9999,18,
2016-02-13,PA-PNM,CAL2CA,Diurnal 4,BNL10621,16:59,-9999,17.5,
2016-02-13,PA-PNM,CASTEL,Diurnal 4,BNL10619,16:08,-9999,16.5,
2016-02-13,PA-PNM,CASTEL,Diurnal 4,BNL10622,16:12,-9999,19,
2016-02-13,PA-PNM,CORDAL,Diurnal 4,BNL10607,16:38,-9999,26,
2016-02-13,PA-PNM,CORDAL,Diurnal 4,BNL10608,16:41,-9999,25.5,
2016-02-13,PA-PNM,FICUIN,Diurnal 4,BNL10602,17:04,-9999,17,
2016-02-13,PA-PNM,FICUIN,Diurnal 4,BNL10603,17:08,-9999,15,
2016-02-13,PA-PNM,LUEHSE,Diurnal 4,BNL10612,16:18,-9999,21,
2016-02-13,PA-PNM,LUEHSE,Diurnal 4,BNL10614,16:21,-9999,19,
2016-02-13,PA-PNM,ALBIAD,Pre-dawn LWP,BNL10456,5:54,-9999,22,
2016-02-13,PA-PNM,ALBIAD,Pre-dawn LWP,BNL10457,5:54,-9999,19.5,
2016-02-13,PA-PNM,ALBIAD,Pre-dawn LWP,BNL10458,5:54,-9999,21,
2016-02-13,PA-PNM,ANACEX,Pre-dawn LWP,BNL10447,5:17,-9999,8.5,
2016-02-13,PA-PNM,ANACEX,Pre-dawn LWP,BNL10448,5:17,-9999,6.5,
2016-02-13,PA-PNM,ANACEX,Pre-dawn LWP,BNL10449,5:17,-9999,7.5,
2016-02-13,PA-PNM,ANTITR,Pre-dawn LWP,BNL10443,6:00,-9999,8,
2016-02-13,PA-PNM,ANTITR,Pre-dawn LWP,BNL10444,6:00,-9999,10,
2016-02-13,PA-PNM,ANTITR,Pre-dawn LWP,BNL10445,6:00,-9999,17,
2016-02-13,PA-PNM,CAL2CA,Pre-dawn LWP,BNL10453,5:38,-9999,9.5,
2016-02-13,PA-PNM,CAL2CA,Pre-dawn LWP,BNL10454,5:38,-9999,13,
2016-02-13,PA-PNM,CAL2CA,Pre-dawn LWP,BNL10455,5:38,-9999,-9999,
2016-02-13,PA-PNM,CASTEL,Pre-dawn LWP,BNL10433,5:05,-9999,14,
2016-02-13,PA-PNM,CASTEL,Pre-dawn LWP,BNL10434,5:05,-9999,13.5,
2016-02-13,PA-PNM,CASTEL,Pre-dawn LWP,BNL10435,5:05,-9999,14,
2016-02-13,PA-PNM,CORDAL,Pre-dawn LWP,BNL10450,5:28,-9999,16.5,
2016-02-13,PA-PNM,CORDAL,Pre-dawn LWP,BNL10451,5:28,-9999,16,
2016-02-13,PA-PNM,CORDAL,Pre-dawn LWP,BNL10452,5:28,-9999,15.5,
2016-02-13,PA-PNM,FICUIN,Pre-dawn LWP,BNL10436,5:46,-9999,17.5,
2016-02-13,PA-PNM,FICUIN,Pre-dawn LWP,BNL10437,5:46,-9999,18,
2016-02-13,PA-PNM,FICUIN,Pre-dawn LWP,BNL10438,5:46,-9999,17,
2016-02-13,PA-PNM,LUEHSE,Pre-dawn LWP,BNL10439,5:10,-9999,-9999,Petiole broken
2016-02-13,PA-PNM,LUEHSE,Pre-dawn LWP,BNL10440,5:10,-9999,18,
2016-02-13,PA-PNM,LUEHSE,Pre-dawn LWP,BNL10441,5:10,-9999,23,
2016-02-16,PA-SLZ,APEIME,Pre-dawn LWP,BNL10584,6:03,7:57,11,
2016-02-16,PA-SLZ,APEIME,Pre-dawn LWP,BNL10585,6:03,7:57,13.5,
2016-02-16,PA-SLZ,APEIME,Pre-dawn LWP,BNL10586,6:03,7:57,11.5,
2016-02-16,PA-SLZ,CARAGU,Pre-dawn LWP,BNL10578,5:28,7:26,8,Cut back phloem
2016-02-16,PA-SLZ,CARAGU,Pre-dawn LWP,BNL10579,5:28,7:26,8.5,Cut back phloem
2016-02-16,PA-SLZ,CARAGU,Pre-dawn LWP,BNL10580,5:28,7:26,8.5,Cut back phloem
2016-02-16,PA-SLZ,GUATDU,Pre-dawn LWP,BNL10428,6:09,6:41,6.5,
2016-02-16,PA-SLZ,GUATDU,Pre-dawn LWP,BNL10461,6:09,6:41,9.5,
2016-02-16,PA-SLZ,GUATDU,Pre-dawn LWP,BNL10573,6:09,6:41,6.5,
2016-02-16,PA-SLZ,MICOBO,Pre-dawn LWP,BNL10588,5:57,7:50,18.5,the reading is questionable
2016-02-16,PA-SLZ,MICOBO,Pre-dawn LWP,BNL10589,5:57,10:00,15,the reading is questionable
2016-02-16,PA-SLZ,MICOBO,Pre-dawn LWP,BNL10590,5:57,10:00,15,the reading is questionable
2016-02-16,PA-SLZ,TACHVE,Pre-dawn LWP,BNL10575,5:33,7:20,9,
2016-02-16,PA-SLZ,TACHVE,Pre-dawn LWP,BNL10576,5:33,7:20,12,
2016-02-16,PA-SLZ,TACHVE,Pre-dawn LWP,BNL10577,5:33,7:20,15,
2016-02-16,PA-SLZ,TERMAM,Pre-dawn LWP,BNL10431,5:15,6:53,9,
2016-02-16,PA-SLZ,TERMAM,Pre-dawn LWP,BNL10432,5:15,6:53,8.5,
2016-02-16,PA-SLZ,TERMAM,Pre-dawn LWP,BNL10460,5:15,6:53,12.5,
2016-02-16,PA-SLZ,TOCOPI,Pre-dawn LWP,BNL10459,5:22,7:06,11.5,Cut back phloem
2016-02-16,PA-SLZ,TOCOPI,Pre-dawn LWP,BNL10574,5:22,7:06,10.5,Cut back phloem
2016-02-16,PA-SLZ,TOCOPI,Pre-dawn LWP,BNL10667,5:22,7:06,10.5,Cut back phloem
2016-02-16,PA-SLZ,VIROSP,Pre-dawn LWP,BNL10591,5:47,7:39,4.5,foaming? questionable
2016-02-16,PA-SLZ,VIROSP,Pre-dawn LWP,BNL10592,5:47,10:05,6.5,12.5 (edges) questionable
2016-02-16,PA-SLZ,VIROSP,Pre-dawn LWP,BNL10594,5:47,10:05,5.5,"foam, questionable"
2016-02-16,PA-SLZ,VOCHFE,Pre-dawn LWP,BNL10581,5:40,7:40,8.5,
2016-02-16,PA-SLZ,VOCHFE,Pre-dawn LWP,BNL10582,5:40,7:40,9.5,
2016-02-16,PA-SLZ,VOCHFE,Pre-dawn LWP,BNL10583,5:40,7:40,9.5,
2016-02-17,PA-SLZ,APEIME,Diurnal 1,BNL10564,7:52,-9999,12,? from phloem
2016-02-17,PA-SLZ,APEIME,Diurnal 1,BNL10565,7:50,-9999,14,? from phloem
2016-02-17,PA-SLZ,CARAGU,Diurnal 1,BNL10629,7:07,-9999,8,"broken, used leaflet only"
2016-02-17,PA-SLZ,CARAGU,Diurnal 1,BNL10630,7:10,-9999,9,
2016-02-17,PA-SLZ,GUATDU,Diurnal 1,BNL10546,7:59,-9999,17,
2016-02-17,PA-SLZ,GUATDU,Diurnal 1,BNL10547,7:56,-9999,19,
2016-02-17,PA-SLZ,MICOBO,Diurnal 1,BNL10566,7:45,-9999,-9999,"leaf broke, no reading"
2016-02-17,PA-SLZ,MICOBO,Diurnal 1,BNL10567,7:43,-9999,23,
2016-02-17,PA-SLZ,TACHVE,Diurnal 1,BNL10632,7:16,-9999,11,
2016-02-17,PA-SLZ,TACHVE,Diurnal 1,BNL10633,7:20,-9999,12,
2016-02-17,PA-SLZ,TERMAM,Diurnal 1,BNL10626,6:47,-9999,10.5,
2016-02-17,PA-SLZ,TERMAM,Diurnal 1,BNL10658,6:51,-9999,17,
2016-02-17,PA-SLZ,TOCOPI,Diurnal 1,BNL10627,6:58,-9999,13,"broke, re-cut, re-read"
2016-02-17,PA-SLZ,TOCOPI,Diurnal 1,BNL10628,7:00,-9999,9,? from phloem
2016-02-17,PA-SLZ,VIROSP,Diurnal 1,BNL10652,7:33,-9999,20,
2016-02-17,PA-SLZ,VIROSP,Diurnal 1,BNL10653,7:37,-9999,18,
2016-02-17,PA-SLZ,VOCHFE,Diurnal 1,BNL10631,7:29,-9999,13,
2016-02-17,PA-SLZ,VOCHFE,Diurnal 1,BNL10657,7:26,-9999,11.5,
2016-02-17,PA-SLZ,APEIME,Diurnal 2,BNL10548,10:01,-9999,14.5,
2016-02-17,PA-SLZ,APEIME,Diurnal 2,BNL10568,9:56,-9999,16.5,
2016-02-17,PA-SLZ,CARAGU,Diurnal 2,BNL10737,9:07,-9999,13.5,
2016-02-17,PA-SLZ,CARAGU,Diurnal 2,BNL10738,9:09,-9999,12.5,
2016-02-17,PA-SLZ,GUATDU,Diurnal 2,BNL10563,10:08,-9999,19.5,
2016-02-17,PA-SLZ,GUATDU,Diurnal 2,BNL10651,10:12,-9999,15,measure on twig with 1 leaf and 2 buds
2016-02-17,PA-SLZ,MICOBO,Diurnal 2,BNL10710,9:47,-9999,21,
2016-02-17,PA-SLZ,MICOBO,Diurnal 2,BNL10740,9:50,-9999,16.5,
2016-02-17,PA-SLZ,TACHVE,Diurnal 2,BNL10739,9:20,-9999,8,
2016-02-17,PA-SLZ,TACHVE,Diurnal 2,BNL10741,9:23,-9999,5,
2016-02-17,PA-SLZ,TERMAM,Diurnal 2,BNL10569,8:40,-9999,14.5,
2016-02-17,PA-SLZ,TERMAM,Diurnal 2,BNL10570,8:43,-9999,7.5,
2016-02-17,PA-SLZ,TOCOPI,Diurnal 2,BNL10735,9:01,-9999,18.5,
2016-02-17,PA-SLZ,TOCOPI,Diurnal 2,BNL10736,9:02,-9999,15.5,
2016-02-17,PA-SLZ,VIROSP,Diurnal 2,BNL10704,9:40,-9999,14.5,"? foam at 5, slight gush at 14.5"
2016-02-17,PA-SLZ,VIROSP,Diurnal 2,BNL10706,9:37,-9999,21,
2016-02-17,PA-SLZ,VOCHFE,Diurnal 2,BNL10571,9:33,-9999,14.5,measure on twig with 4 leaves
2016-02-17,PA-SLZ,VOCHFE,Diurnal 2,BNL10572,9:29,-9999,16.5,
2016-02-17,PA-SLZ,APEIME,Diurnal 3,BNL10747,12:04,-9999,15.5,
2016-02-17,PA-SLZ,APEIME,Diurnal 3,BNL10754,12:06,-9999,13.5,
2016-02-17,PA-SLZ,CARAGU,Diurnal 3,BNL10707,11:12,-9999,16,
2016-02-17,PA-SLZ,CARAGU,Diurnal 3,BNL10728,11:09,-9999,14.5,
2016-02-17,PA-SLZ,GUATDU,Diurnal 3,BNL10748,12:17,-9999,18.5,
2016-02-17,PA-SLZ,GUATDU,Diurnal 3,BNL10751,12:12,-9999,17,
2016-02-17,PA-SLZ,MICOBO,Diurnal 3,BNL10755,11:58,-9999,19.5,"1 bead at 8, gush at 19.5"
2016-02-17,PA-SLZ,MICOBO,Diurnal 3,BNL10756,11:53,-9999,10.5,
2016-02-17,PA-SLZ,TACHVE,Diurnal 3,BNL10708,11:20,-9999,15,
2016-02-17,PA-SLZ,TACHVE,Diurnal 3,BNL10765,11:25,-9999,20,"foam from 2, went to 30, back to 10 then up. "
2016-02-17,PA-SLZ,TERMAM,Diurnal 3,BNL10742,10:49,-9999,9.5,
2016-02-17,PA-SLZ,TERMAM,Diurnal 3,BNL10744,10:52,-9999,20,
2016-02-17,PA-SLZ,TOCOPI,Diurnal 3,BNL10743,10:59,-9999,12,
2016-02-17,PA-SLZ,TOCOPI,Diurnal 3,BNL10745,11:03,-9999,11,
2016-02-17,PA-SLZ,VIROSP,Diurnal 3,BNL10752,11:46,-9999,17.5,
2016-02-17,PA-SLZ,VIROSP,Diurnal 3,BNL10753,11:43,-9999,25.5,"resin at 6, went to 30, then cleared resin and back to 15, then up twice, both times to ~25.5"
2016-02-17,PA-SLZ,VOCHFE,Diurnal 3,BNL10764,11:37,-9999,16.5,
2016-02-17,PA-SLZ,VOCHFE,Diurnal 3,BNL10766,11:32,-9999,16,
2016-02-17,PA-SLZ,APEIME,Diurnal 4,BNL10778,14:26,-9999,17,
2016-02-17,PA-SLZ,APEIME,Diurnal 4,BNL10802,14:28,-9999,14,
2016-02-17,PA-SLZ,CARAGU,Diurnal 4,BNL10725,13:28,-9999,8.5,
2016-02-17,PA-SLZ,CARAGU,Diurnal 4,BNL10726,13:32,-9999,7,
2016-02-17,PA-SLZ,GUATDU,Diurnal 4,BNL10779,14:35,-9999,25,
2016-02-17,PA-SLZ,GUATDU,Diurnal 4,BNL10801,14:38,-9999,24,
2016-02-17,PA-SLZ,MICOBO,Diurnal 4,BNL10763,14:15,-9999,20,unclear
2016-02-17,PA-SLZ,MICOBO,Diurnal 4,BNL10777,14:19,-9999,20,
2016-02-17,PA-SLZ,TACHVE,Diurnal 4,BNL10698,13:39,-9999,28.5,
2016-02-17,PA-SLZ,TACHVE,Diurnal 4,BNL10757,13:42,-9999,18.5,
2016-02-17,PA-SLZ,TERMAM,Diurnal 4,BNL10758,13:05,-9999,19.5,
2016-02-17,PA-SLZ,TERMAM,Diurnal 4,BNL10762,13:02,-9999,19.5,"bubbling at 15.5, gushing at 19.5"
2016-02-17,PA-SLZ,TOCOPI,Diurnal 4,BNL10697,13:14,-9999,4,
2016-02-17,PA-SLZ,TOCOPI,Diurnal 4,BNL10709,13:18,-9999,-9999,"measured 3, but leaf broken"
2016-02-17,PA-SLZ,VIROSP,Diurnal 4,BNL10759,14:03,-9999,15.5,
2016-02-17,PA-SLZ,VIROSP,Diurnal 4,BNL10761,14:06,-9999,24,"first at 7, with latex"
2016-02-17,PA-SLZ,VOCHFE,Diurnal 4,BNL10760,13:56,-9999,19.5,
2016-02-17,PA-SLZ,VOCHFE,Diurnal 4,BNL10776,13:52,-9999,16.5,gushing at 23.5
2016-02-17,PA-SLZ,APEIME,Diurnal 5,BNL10816,16:32,-9999,14,
2016-02-17,PA-SLZ,APEIME,Diurnal 5,BNL10832,16:29,-9999,14,
2016-02-17,PA-SLZ,CARAGU,Diurnal 5,BNL10824,15:38,-9999,20.5,
2016-02-17,PA-SLZ,CARAGU,Diurnal 5,BNL10825,15:41,-9999,17.5,
2016-02-17,PA-SLZ,GUATDU,Diurnal 5,BNL10815,16:40,-9999,16.5,
2016-02-17,PA-SLZ,GUATDU,Diurnal 5,BNL10823,16:37,-9999,17,
2016-02-17,PA-SLZ,MICOBO,Diurnal 5,BNL10814,16:20,-9999,10.5,
2016-02-17,PA-SLZ,MICOBO,Diurnal 5,BNL10821,16:23,-9999,20,
2016-02-17,PA-SLZ,TACHVE,Diurnal 5,BNL10829,15:50,-9999,4,? 20
2016-02-17,PA-SLZ,TACHVE,Diurnal 5,BNL10830,15:55,-9999,17.5,
2016-02-17,PA-SLZ,TERMAM,Diurnal 5,BNL10780,15:19,-9999,10.5,
2016-02-17,PA-SLZ,TERMAM,Diurnal 5,BNL10781,15:14,-9999,20.5,
2016-02-17,PA-SLZ,TOCOPI,Diurnal 5,BNL10813,15:32,-9999,16,
2016-02-17,PA-SLZ,TOCOPI,Diurnal 5,BNL10835,15:27,-9999,17,
2016-02-17,PA-SLZ,VIROSP,Diurnal 5,BNL10826,16:13,-9999,21,
2016-02-17,PA-SLZ,VIROSP,Diurnal 5,BNL10827,16:10,-9999,20,
2016-02-17,PA-SLZ,VOCHFE,Diurnal 5,BNL10822,16:03,-9999,19.5,
2016-02-17,PA-SLZ,VOCHFE,Diurnal 5,BNL10828,16:00,-9999,9,
2016-02-17,PA-SLZ,APEIME,Diurnal 6,BNL10790,17:40,-9999,14,
2016-02-17,PA-SLZ,APEIME,Diurnal 6,BNL10834,17:42,-9999,17,
2016-02-17,PA-SLZ,CARAGU,Diurnal 6,BNL10804,17:06,-9999,13.5,bubbles from phloem at 0
2016-02-17,PA-SLZ,CARAGU,Diurnal 6,BNL10809,17:09,-9999,13,
2016-02-17,PA-SLZ,GUATDU,Diurnal 6,BNL10817,17:48,-9999,12,
2016-02-17,PA-SLZ,GUATDU,Diurnal 6,BNL10831,17:46,-9999,14,
2016-02-17,PA-SLZ,MICOBO,Diurnal 6,BNL10791,17:34,-9999,11,
2016-02-17,PA-SLZ,MICOBO,Diurnal 6,BNL10792,17:37,-9999,10.5,
2016-02-17,PA-SLZ,TACHVE,Diurnal 6,BNL10812,17:14,-9999,8,
2016-02-17,PA-SLZ,TACHVE,Diurnal 6,BNL10818,17:17,-9999,13,"foam at 0, up to 20, down to 5"
2016-02-17,PA-SLZ,TERMAM,Diurnal 6,BNL10700,16:57,-9999,15.5,
2016-02-17,PA-SLZ,TERMAM,Diurnal 6,BNL10810,16:55,-9999,10,
2016-02-17,PA-SLZ,TOCOPI,Diurnal 6,BNL10806,17:00,-9999,12,
2016-02-17,PA-SLZ,TOCOPI,Diurnal 6,BNL10808,17:02,-9999,12,
2016-02-17,PA-SLZ,VIROSP,Diurnal 6,BNL10819,17:31,-9999,21.5,
2016-02-17,PA-SLZ,VIROSP,Diurnal 6,BNL10833,17:28,-9999,20,
2016-02-17,PA-SLZ,VOCHFE,Diurnal 6,BNL10793,17:24,-9999,13.5,
2016-02-17,PA-SLZ,VOCHFE,Diurnal 6,BNL10820,17:22,-9999,15,
2016-03-10,PA-SLZ,APEIME,Diurnal 1,BNL11024,8:17,11:17,18,
2016-03-10,PA-SLZ,APEIME,Diurnal 1,BNL11027,8:21,10:42,18,
2016-03-10,PA-SLZ,CARAGU,Diurnal 1,BNL10960,7:24,9:54,10.5,
2016-03-10,PA-SLZ,CARAGU,Diurnal 1,BNL11030,7:27,11:05,14,
2016-03-10,PA-SLZ,GUATDU,Diurnal 1,BNL10979,8:34,10:17,18,
2016-03-10,PA-SLZ,GUATDU,Diurnal 1,BNL10985,8:31,10:35,19.5,
2016-03-10,PA-SLZ,MICOBO,Diurnal 1,BNL10986,8:06,11:32,20,
2016-03-10,PA-SLZ,MICOBO,Diurnal 1,BNL11021,8:10,11:35,24,
2016-03-10,PA-SLZ,TACHVE,Diurnal 1,BNL10966,7:39,10:31,20,
2016-03-10,PA-SLZ,TACHVE,Diurnal 1,BNL11029,7:34,10:06,21,
2016-03-10,PA-SLZ,TERMAM,Diurnal 1,BNL10939,7:02,10:12,13.5,
2016-03-10,PA-SLZ,TERMAM,Diurnal 1,BNL10970,6:56,10:14,10.5,
2016-03-10,PA-SLZ,TOCOPI,Diurnal 1,BNL10995,7:17,10:10,15,
2016-03-10,PA-SLZ,TOCOPI,Diurnal 1,BNL10998,7:12,10:37,10.5,
2016-03-10,PA-SLZ,VIROSP,Diurnal 1,BNL10963,7:59,11:23,23,"up to 30, then down to 5"
2016-03-10,PA-SLZ,VIROSP,Diurnal 1,BNL11051,7:55,10:44,22,
2016-03-10,PA-SLZ,VOCHFE,Diurnal 1,BNL10962,7:45,11:07,17,
2016-03-10,PA-SLZ,VOCHFE,Diurnal 1,BNL11026,7:48,11:12,19.5,
2016-03-10,PA-SLZ,APEIME,Diurnal 2,BNL10890,10:31,12:15,20,"bubbles @ 5 bar, gush @ 20"
2016-03-10,PA-SLZ,APEIME,Diurnal 2,BNL10892,10:35,12:18,18.5,
2016-03-10,PA-SLZ,CARAGU,Diurnal 2,BNL10941,9:40,12:52,15.5,
2016-03-10,PA-SLZ,CARAGU,Diurnal 2,BNL11000,9:36,11:58,19,
2016-03-10,PA-SLZ,GUATDU,Diurnal 2,BNL10910,10:40,12:23,17,twig w/ ~10 lvs
2016-03-10,PA-SLZ,GUATDU,Diurnal 2,BNL10915,10:45,12:41,17,
2016-03-10,PA-SLZ,MICOBO,Diurnal 2,BNL10895,10:25,12:57,19.5,twig
2016-03-10,PA-SLZ,MICOBO,Diurnal 2,BNL10900,10:21,12:21,16,"labelled as 10965, twig w/ 7 lvs + fruit"
2016-03-10,PA-SLZ,TACHVE,Diurnal 2,BNL10951,9:49,12:37,24.5,
2016-03-10,PA-SLZ,TACHVE,Diurnal 2,BNL10971,9:53,12:49,20,
2016-03-10,PA-SLZ,TERMAM,Diurnal 2,BNL10987,9:17,12:01,14.5,
2016-03-10,PA-SLZ,TERMAM,Diurnal 2,BNL11046,9:21,12:09,16,
2016-03-10,PA-SLZ,TOCOPI,Diurnal 2,BNL10997,9:31,12:46,21,
2016-03-10,PA-SLZ,TOCOPI,Diurnal 2,BNL11048,9:28,12:13,18,
2016-03-10,PA-SLZ,VIROSP,Diurnal 2,BNL10965,10:14,13:01,24,
2016-03-10,PA-SLZ,VIROSP,Diurnal 2,BNL10969,10:09,12:33,25,"up to 30, down to 5"
2016-03-10,PA-SLZ,VOCHFE,Diurnal 2,BNL10967,10:03,12:29,14,twig
2016-03-10,PA-SLZ,VOCHFE,Diurnal 2,BNL10973,9:59,12:26,13.5,twig
2016-03-10,PA-SLZ,APEIME,Diurnal 3,BNL10883,12:33,13:32,15.5,
2016-03-10,PA-SLZ,APEIME,Diurnal 3,BNL10906,12:34,13:59,17.5,
2016-03-10,PA-SLZ,CARAGU,Diurnal 3,BNL10922,11:39,13:19,18,
2016-03-10,PA-SLZ,CARAGU,Diurnal 3,BNL10930,11:43,14:04,19,
2016-03-10,PA-SLZ,GUATDU,Diurnal 3,BNL10924,12:42,14:34,19,
2016-03-10,PA-SLZ,GUATDU,Diurnal 3,BNL10926,12:39,13:57,16.5,
2016-03-10,PA-SLZ,MICOBO,Diurnal 3,BNL10929,12:24,13:35,21.5,
2016-03-10,PA-SLZ,MICOBO,Diurnal 3,BNL10955,12:27,14:32,18.5,
2016-03-10,PA-SLZ,TACHVE,Diurnal 3,BNL10927,11:55,13:54,22.5,
2016-03-10,PA-SLZ,TACHVE,Diurnal 3,BNL10932,11:51,14:30,29,
2016-03-10,PA-SLZ,TERMAM,Diurnal 3,BNL10917,11:18,13:30,23,
2016-03-10,PA-SLZ,TERMAM,Diurnal 3,BNL10918,11:23,13:28,20,
2016-03-10,PA-SLZ,TOCOPI,Diurnal 3,BNL10908,11:32,13:23,24,
2016-03-10,PA-SLZ,TOCOPI,Diurnal 3,BNL10912,11:30,13:26,24.5,
2016-03-10,PA-SLZ,VIROSP,Diurnal 3,BNL10888,12:19,13:43,20.5,"1st pressure: bubbles @ 5 bar, 2nd: @ 19 bar, 3rd: 20.5 bar"
2016-03-10,PA-SLZ,VIROSP,Diurnal 3,BNL11015,12:14,13:50,19,"re-pressurized 3x, 3rd clear"
2016-03-10,PA-SLZ,VOCHFE,Diurnal 3,BNL10950,12:05,13:45,15,
2016-03-10,PA-SLZ,VOCHFE,Diurnal 3,BNL11006,12:09,13:38,25.5,
2016-03-10,PA-SLZ,APEIME,Diurnal 4,BNL10992,14:59,15:49,14,
2016-03-10,PA-SLZ,APEIME,Diurnal 4,BNL10994,14:56,16:00,14,
2016-03-10,PA-SLZ,CARAGU,Diurnal 4,BNL10899,14:07,16:04,16.5,
2016-03-10,PA-SLZ,CARAGU,Diurnal 4,BNL10903,14:10,16:07,15.5,
2016-03-10,PA-SLZ,GUATDU,Diurnal 4,BNL10943,15:09,15:34,18,
2016-03-10,PA-SLZ,GUATDU,Diurnal 4,BNL10990,15:06,15:58,14,
2016-03-10,PA-SLZ,MICOBO,Diurnal 4,BNL10877,14:50,15:51,22,
2016-03-10,PA-SLZ,MICOBO,Diurnal 4,BNL10879,14:47,15:54,22,
2016-03-10,PA-SLZ,TACHVE,Diurnal 4,BNL10886,14:21,16:16,23.5,
2016-03-10,PA-SLZ,TACHVE,Diurnal 4,BNL10902,14:16,15:43,25,
2016-03-10,PA-SLZ,TERMAM,Diurnal 4,BNL10889,13:53,16:11,17.5,
2016-03-10,PA-SLZ,TERMAM,Diurnal 4,BNL10901,13:47,16:13,16.5,
2016-03-10,PA-SLZ,TOCOPI,Diurnal 4,BNL10893,13:58,16:09,15,
2016-03-10,PA-SLZ,TOCOPI,Diurnal 4,BNL10931,14:01,16:18,22.5,
2016-03-10,PA-SLZ,VIROSP,Diurnal 4,BNL10949,14:36,15:45,23,
2016-03-10,PA-SLZ,VIROSP,Diurnal 4,BNL10988,14:39,15:42,22,
2016-03-10,PA-SLZ,VOCHFE,Diurnal 4,BNL10881,14:26,16:03,15,
2016-03-10,PA-SLZ,VOCHFE,Diurnal 4,BNL10884,14:29,15:57,18,
2016-03-10,PA-SLZ,APEIME,Diurnal 5,BNL10947,16:39,-9999,-9999,LWP missing 10947
2016-03-10,PA-SLZ,APEIME,Diurnal 5,BNL10956,16:37,17:34,15,"1st: 13, 2nd: 15, 3rd: 17"
2016-03-10,PA-SLZ,CARAGU,Diurnal 5,BNL10920,15:52,17:19,15,
2016-03-10,PA-SLZ,CARAGU,Diurnal 5,BNL11047,15:55,17:23,14.5,
2016-03-10,PA-SLZ,GUATDU,Diurnal 5,BNL10952,16:46,17:28,17.5,
2016-03-10,PA-SLZ,GUATDU,Diurnal 5,BNL10953,16:44,17:22,18,
2016-03-10,PA-SLZ,MICOBO,Diurnal 5,BNL10875,16:32,17:06,14.5,
2016-03-10,PA-SLZ,MICOBO,Diurnal 5,BNL10959,16:30,17:17,17.5,
2016-03-10,PA-SLZ,TACHVE,Diurnal 5,BNL11034,16:05,17:43,17.5,
2016-03-10,PA-SLZ,TACHVE,Diurnal 5,BNL11038,16:03,17:26,17,
2016-03-10,PA-SLZ,TERMAM,Diurnal 5,BNL10944,15:32,17:49,21,
2016-03-10,PA-SLZ,TERMAM,Diurnal 5,BNL10945,15:34,17:42,29,
2016-03-10,PA-SLZ,TOCOPI,Diurnal 5,BNL10938,15:47,17:10,15,
2016-03-10,PA-SLZ,TOCOPI,Diurnal 5,BNL10946,15:43,17:39,16,
2016-03-10,PA-SLZ,VIROSP,Diurnal 5,BNL10954,16:23,17:37,35,"5 bar = latex, up to 20, down to 10, clean, up to 35, clean sap bubbles"
2016-03-10,PA-SLZ,VIROSP,Diurnal 5,BNL10961,16:25,17:13,17.5,
2016-03-10,PA-SLZ,VOCHFE,Diurnal 5,BNL10874,16:14,17:47,17,
2016-03-10,PA-SLZ,VOCHFE,Diurnal 5,BNL11039,16:10,17:45,13.5,
2016-03-10,PA-SLZ,APEIME,Diurnal 6,BNL10897,17:52,18:48,11,
2016-03-10,PA-SLZ,APEIME,Diurnal 6,BNL10907,17:49,18:39,10,
2016-03-10,PA-SLZ,CARAGU,Diurnal 6,BNL10914,17:15,19:14,13,
2016-03-10,PA-SLZ,CARAGU,Diurnal 6,BNL10923,17:18,18:45,11,
2016-03-10,PA-SLZ,GUATDU,Diurnal 6,BNL10896,17:59,18:29,15.5,
2016-03-10,PA-SLZ,GUATDU,Diurnal 6,BNL10898,17:56,18:37,16,
2016-03-10,PA-SLZ,MICOBO,Diurnal 6,BNL10904,17:44,19:09,18,
2016-03-10,PA-SLZ,MICOBO,Diurnal 6,BNL10913,17:42,19:22,21,
2016-03-10,PA-SLZ,TACHVE,Diurnal 6,BNL10878,17:22,19:01,18,
2016-03-10,PA-SLZ,TACHVE,Diurnal 6,BNL11037,17:24,19:04,16.5,
2016-03-10,PA-SLZ,TERMAM,Diurnal 6,BNL10905,17:02,19:24,16,
2016-03-10,PA-SLZ,TERMAM,Diurnal 6,BNL10948,16:58,18:58,14.5,
2016-03-10,PA-SLZ,TOCOPI,Diurnal 6,BNL10921,17:08,18:55,10.5,
2016-03-10,PA-SLZ,TOCOPI,Diurnal 6,BNL10925,17:10,19:11,15,
2016-03-10,PA-SLZ,VIROSP,Diurnal 6,BNL10909,17:37,19:37,27.5,
2016-03-10,PA-SLZ,VIROSP,Diurnal 6,BNL10911,17:35,19:39,22,
2016-03-10,PA-SLZ,VOCHFE,Diurnal 6,BNL10916,17:31,18:42,10.5,
2016-03-10,PA-SLZ,VOCHFE,Diurnal 6,BNL10919,17:28,19:29,12,
2016-03-10,PA-SLZ,APEIME ,Pre-dawn LWP,BNL10957,6:00,9:15,12.5,
2016-03-10,PA-SLZ,APEIME ,Pre-dawn LWP,BNL10981,6:00,9:19,14.5,
2016-03-10,PA-SLZ,APEIME ,Pre-dawn LWP,BNL11085,6:00,9:22,15,
2016-03-10,PA-SLZ,CARAGU,Pre-dawn LWP,BNL11019,5:24,7:43,7.5,
2016-03-10,PA-SLZ,CARAGU,Pre-dawn LWP,BNL11025,5:24,7:47,7,
2016-03-10,PA-SLZ,CARAGU,Pre-dawn LWP,BNL11123,5:24,7:00,7.5,
2016-03-10,PA-SLZ,GUATDU,Pre-dawn LWP,BNL11033,6:04,8:18,16,
2016-03-10,PA-SLZ,GUATDU,Pre-dawn LWP,BNL11036,6:04,8:29,18.2,
2016-03-10,PA-SLZ,GUATDU,Pre-dawn LWP,BNL11040,6:04,8:22,15.5,
2016-03-10,PA-SLZ,MICOBO,Pre-dawn LWP,BNL10980,5:57,9:32,18.5,
2016-03-10,PA-SLZ,MICOBO,Pre-dawn LWP,BNL11007,5:57,9:30,20.5,
2016-03-10,PA-SLZ,MICOBO,Pre-dawn LWP,BNL11124,5:57,9:31,15,
2016-03-10,PA-SLZ,TACHVE,Pre-dawn LWP,BNL11035,5:32,8:34,9.5,
2016-03-10,PA-SLZ,TACHVE,Pre-dawn LWP,BNL11041,5:32,8:39,15.5,
2016-03-10,PA-SLZ,TACHVE,Pre-dawn LWP,BNL11147,5:32,8:45,14.5,
2016-03-10,PA-SLZ,TERMAM,Pre-dawn LWP,BNL10982,5:15,9:37,15,
2016-03-10,PA-SLZ,TERMAM,Pre-dawn LWP,BNL11042,5:15,8:12,9.5,
2016-03-10,PA-SLZ,TERMAM,Pre-dawn LWP,BNL11122,5:15,7:29,7,
2016-03-10,PA-SLZ,TOCOPI,Pre-dawn LWP,BNL11031,5:20,8:02,10.5,
2016-03-10,PA-SLZ,TOCOPI,Pre-dawn LWP,BNL11043,5:20,8:07,7.5,
2016-03-10,PA-SLZ,TOCOPI,Pre-dawn LWP,BNL11178,5:20,7:38,-9999,leaf broke
2016-03-10,PA-SLZ,VIROSP ,Pre-dawn LWP,BNL10974,5:40,8:57,16.5,
2016-03-10,PA-SLZ,VIROSP ,Pre-dawn LWP,BNL11023,5:40,7:53,17.5,
2016-03-10,PA-SLZ,VIROSP ,Pre-dawn LWP,BNL11084,5:40,8:50,10.5,
2016-03-10,PA-SLZ,VOCHFE,Pre-dawn LWP,BNL10958,5:45,9:05,17,
2016-03-10,PA-SLZ,VOCHFE,Pre-dawn LWP,BNL10976,5:45,9:10,6,
2016-03-10,PA-SLZ,VOCHFE,Pre-dawn LWP,BNL10983,5:45,9:40,6.5,
2016-03-12,PA-BCI,ALSEBL,Diurnal 1,BNL11292,8:00,9:12,22,
2016-03-12,PA-BCI,ALSEBL,Diurnal 1,BNL11293,8:00,9:15,19,
2016-03-12,PA-BCI,ALSEBL,Diurnal 1,BNL11299,8:00,9:17,18.5,
2016-03-12,PA-BCI,GUSTSU,Diurnal 1,BNL11265,8:00,9:09,12,bottom of crown
2016-03-12,PA-BCI,GUSTSU,Diurnal 1,BNL11282,8:00,9:05,8,bottom of crown
2016-03-12,PA-BCI,GUSTSU,Diurnal 1,BNL11283,8:00,9:06,10,bottom of crown
2016-03-12,PA-BCI,INGAPE,Diurnal 1,BNL11289,8:00,9:00,12,
2016-03-12,PA-BCI,INGAPE,Diurnal 1,BNL11290,8:00,8:56,12.5,
2016-03-12,PA-BCI,INGAPE,Diurnal 1,BNL11294,8:00,8:59,11.5,
2016-03-12,PA-BCI,MICOAR,Diurnal 1,BNL11272,8:00,11:05,16.5,
2016-03-12,PA-BCI,MICOAR,Diurnal 1,BNL11284,8:00,9:36,12,
2016-03-12,PA-BCI,MICOAR,Diurnal 1,BNL11288,8:00,11:03,23,
2016-03-12,PA-BCI,SIMAAM,Diurnal 1,BNL11273,8:00,9:18,10,
2016-03-12,PA-BCI,SIMAAM,Diurnal 1,BNL11280,8:00,9:35,13,
2016-03-12,PA-BCI,SIMAAM,Diurnal 1,BNL11295,8:00,9:21,12,
2016-03-12,PA-BCI,ALSEBL,Diurnal 2,BNL11267,9:50,11:48,15,
2016-03-12,PA-BCI,ALSEBL,Diurnal 2,BNL11315,9:50,11:42,18,
2016-03-12,PA-BCI,ALSEBL,Diurnal 2,BNL11318,9:50,11:45,28,
2016-03-12,PA-BCI,ALSEBL,Diurnal 2,BNL11418,9:50,11:40,25,
2016-03-12,PA-BCI,GUSTSU,Diurnal 2,BNL11250,9:50,12:05,16,
2016-03-12,PA-BCI,GUSTSU,Diurnal 2,BNL11253,9:50,12:00,15,
2016-03-12,PA-BCI,GUSTSU,Diurnal 2,BNL11296,9:50,12:07,12,
2016-03-12,PA-BCI,INGAPE,Diurnal 2,BNL11252,9:50,11:55,12,
2016-03-12,PA-BCI,INGAPE,Diurnal 2,BNL11320,9:50,11:51,9.5,
2016-03-12,PA-BCI,INGAPE,Diurnal 2,BNL11443,9:50,11:53,10,
2016-03-12,PA-BCI,MICOAR,Diurnal 2,BNL11300,9:50,11:32,20.5,
2016-03-12,PA-BCI,MICOAR,Diurnal 2,BNL11411,9:50,11:25,22,
2016-03-12,PA-BCI,MICOAR,Diurnal 2,BNL11412,9:50,11:28,22.5,
2016-03-12,PA-BCI,SIMAAM,Diurnal 2,BNL11297,9:50,11:15,23,
2016-03-12,PA-BCI,SIMAAM,Diurnal 2,BNL11317,9:50,11:35,28,
2016-03-12,PA-BCI,SIMAAM,Diurnal 2,BNL11331,9:50,11:20,25,
2016-03-12,PA-BCI,ALSEBL,Diurnal 3,BNL10989,12:00,14:24,8,
2016-03-12,PA-BCI,ALSEBL,Diurnal 3,BNL11166,12:00,14:28,10,
2016-03-12,PA-BCI,ALSEBL,Diurnal 3,BNL11256,12:00,14:22,20.5,
2016-03-12,PA-BCI,GUSTSU,Diurnal 3,BNL11022,12:00,13:50,12,
2016-03-12,PA-BCI,GUSTSU,Diurnal 3,BNL11261,12:00,13:54,12.5,
2016-03-12,PA-BCI,INGAPE,Diurnal 3,BNL10934,12:00,14:03,18.5,
2016-03-12,PA-BCI,INGAPE,Diurnal 3,BNL10996,12:00,14:07,19,
2016-03-12,PA-BCI,INGAPE,Diurnal 3,BNL11274,12:00,14:00,10,
2016-03-12,PA-BCI,MICOAR,Diurnal 3,BNL11088,12:00,14:12,16,
2016-03-12,PA-BCI,MICOAR,Diurnal 3,BNL11167,12:00,14:14,20,
2016-03-12,PA-BCI,MICOAR,Diurnal 3,BNL11254,12:00,14:16,16,
2016-03-12,PA-BCI,SIMAAM,Diurnal 3,BNL10789,12:00,14:33,5,round 3 SIMAAM samples saturated w/ water
2016-03-12,PA-BCI,SIMAAM,Diurnal 3,BNL10894,12:00,14:36,14,round 3 SIMAAM samples saturated w/ water
2016-03-12,PA-BCI,SIMAAM,Diurnal 3,BNL11089,12:00,14:32,5,round 3 SIMAAM samples saturated w/ water
2016-03-12,PA-BCI,GUSTSU,Diurnal 3 ,BNL11255,12:00,13:47,18,
2016-03-12,PA-BCI,ALSEBL,Diurnal 4,BNL11266,14:05,15:47,28,
2016-03-12,PA-BCI,ALSEBL,Diurnal 4,BNL11270,14:05,15:44,23,
2016-03-12,PA-BCI,ALSEBL,Diurnal 4,BNL11287,14:05,15:49,22,
2016-03-12,PA-BCI,GUSTSU,Diurnal 4,BNL10887,14:05,15:27,18,
2016-03-12,PA-BCI,GUSTSU,Diurnal 4,BNL10891,14:05,15:23,17,
2016-03-12,PA-BCI,GUSTSU,Diurnal 4,BNL11247,14:05,15:30,19.5,
2016-03-12,PA-BCI,INGAPE,Diurnal 4,BNL10783,14:05,15:58,21,
2016-03-12,PA-BCI,INGAPE,Diurnal 4,BNL10785,14:05,15:54,19.5,
2016-03-12,PA-BCI,INGAPE,Diurnal 4,BNL11249,14:05,16:00,21,
2016-03-12,PA-BCI,MICOAR,Diurnal 4,BNL11054,14:05,16:07,20,
2016-03-12,PA-BCI,MICOAR,Diurnal 4,BNL11248,14:05,16:04,22,rock hole
2016-03-12,PA-BCI,MICOAR,Diurnal 4,BNL11278,14:05,16:08,22,
2016-03-12,PA-BCI,SIMAAM,Diurnal 4,BNL11271,14:05,15:40,24.5,
2016-03-12,PA-BCI,SIMAAM,Diurnal 4,BNL11277,14:05,15:38,17.5,
2016-03-12,PA-BCI,SIMAAM,Diurnal 4,BNL11291,14:05,15:36,21,
2016-03-12,PA-BCI,ALSEBL,Diurnal 5,BNL11149,16:00,17:23,26,
2016-03-12,PA-BCI,ALSEBL,Diurnal 5,BNL11169,16:00,17:18,16,
2016-03-12,PA-BCI,ALSEBL,Diurnal 5,BNL11260,16:00,17:26,22,
2016-03-12,PA-BCI,GUSTSU,Diurnal 5,BNL11053,16:00,17:10,11,
2016-03-12,PA-BCI,GUSTSU,Diurnal 5,BNL11056,16:00,17:07,13,
2016-03-12,PA-BCI,GUSTSU,Diurnal 5,BNL11286,16:00,17:05,10,
2016-03-12,PA-BCI,INGAPE,Diurnal 5,BNL11002,16:00,17:33,19,
2016-03-12,PA-BCI,INGAPE,Diurnal 5,BNL11150,16:00,17:30,18,
2016-03-12,PA-BCI,INGAPE,Diurnal 5,BNL11258,16:00,17:36,19,
2016-03-12,PA-BCI,MICOAR,Diurnal 5,BNL11097,16:00,17:39,20,
2016-03-12,PA-BCI,MICOAR,Diurnal 5,BNL11134,16:00,17:41,18,
2016-03-12,PA-BCI,MICOAR,Diurnal 5,BNL11285,16:00,17:44,18,
2016-03-12,PA-BCI,SIMAAM,Diurnal 5,BNL11057,16:00,17:12,16,
2016-03-12,PA-BCI,SIMAAM,Diurnal 5,BNL11061,16:00,17:14,18,
2016-03-12,PA-BCI,SIMAAM,Diurnal 5,BNL11235,16:00,17:16,20,
2016-03-12,PA-BCI,ALSEBL,Diurnal 6,BNL11113,18:00,19:12,14,
2016-03-12,PA-BCI,ALSEBL,Diurnal 6,BNL11120,18:00,19:15,22,
2016-03-12,PA-BCI,ALSEBL,Diurnal 6,BNL11243,18:00,19:18,23,
2016-03-12,PA-BCI,GUSTSU,Diurnal 6,BNL11096,18:00,18:49,8,
2016-03-12,PA-BCI,GUSTSU,Diurnal 6,BNL11245,18:00,18:47,8.5,
2016-03-12,PA-BCI,GUSTSU,Diurnal 6,BNL11275,18:00,18:52,8,
2016-03-12,PA-BCI,INGAPE,Diurnal 6,BNL11236,18:00,19:00,14,
2016-03-12,PA-BCI,INGAPE,Diurnal 6,BNL11239,18:00,19:02,15,
2016-03-12,PA-BCI,INGAPE,Diurnal 6,BNL11246,18:00,18:57,15,
2016-03-12,PA-BCI,MICOAR,Diurnal 6,BNL11111,18:00,19:22,19,
2016-03-12,PA-BCI,MICOAR,Diurnal 6,BNL11112,18:00,19:20,16.5,
2016-03-12,PA-BCI,MICOAR,Diurnal 6,BNL11241,18:00,19:25,16,
2016-03-12,PA-BCI,SIMAAM,Diurnal 6,BNL11136,18:00,19:07,15,
2016-03-12,PA-BCI,SIMAAM,Diurnal 6,BNL11240,18:00,19:05,14.5,
2016-03-12,PA-BCI,SIMAAM,Diurnal 6,BNL11244,18:00,19:09,13,
2016-03-12,PA-BCI,ALSEBL,Pre-dawn LWP,BNL11259,6:00,7:34,12,
2016-03-12,PA-BCI,ALSEBL,Pre-dawn LWP,BNL11402,6:00,7:31,10.5,
2016-03-12,PA-BCI,ALSEBL,Pre-dawn LWP,BNL11497,6:00,7:41,15,
2016-03-12,PA-BCI,GUSTSU,Pre-dawn LWP,BNL11251,6:00,8:05,11.5,
2016-03-12,PA-BCI,GUSTSU,Pre-dawn LWP,BNL11422,6:00,8:01,10,
2016-03-12,PA-BCI,GUSTSU,Pre-dawn LWP,BNL11489,6:00,8:03,12,
2016-03-12,PA-BCI,INGAPE,Pre-dawn LWP,BNL11234,6:00,7:50,10,
2016-03-12,PA-BCI,INGAPE,Pre-dawn LWP,BNL11242,6:00,7:54,6.5,
2016-03-12,PA-BCI,INGAPE,Pre-dawn LWP,BNL11496,6:00,7:20,11,
2016-03-12,PA-BCI,MICOAR,Pre-dawn LWP,BNL11233,6:00,8:10,8.5,
2016-03-12,PA-BCI,MICOAR,Pre-dawn LWP,BNL11423,6:00,8:06,5,
2016-03-12,PA-BCI,MICOAR,Pre-dawn LWP,BNL11424,6:00,8:09,3.5,
2016-03-12,PA-BCI,SIMAAM,Pre-dawn LWP,BNL11401,6:00,7:22,9.5,
2016-03-12,PA-BCI,SIMAAM,Pre-dawn LWP,BNL11404,6:00,7:27,5.5,
2016-03-12,PA-BCI,SIMAAM,Pre-dawn LWP,BNL11490,6:00,7:45,6,
2016-03-14,PA-PNM,ALBIAD,Diurnal 1,BNL11055,8:56,8:37,20,
2016-03-14,PA-PNM,ALBIAD,Diurnal 1,BNL11115,8:59,8:39,15,
2016-03-14,PA-PNM,ANACEX,Diurnal 1,BNL10991,8:11,9:08,12.5,
2016-03-14,PA-PNM,ANACEX,Diurnal 1,BNL11141,8:07,9:05,11,
2016-03-14,PA-PNM,ANTITR,Diurnal 1,BNL11098,9:06,8:34,15,
2016-03-14,PA-PNM,ANTITR,Diurnal 1,BNL11116,9:10,9:43,20.5,left in crane
2016-03-14,PA-PNM,CAL2CA,Diurnal 1,BNL11063,8:32,8:47,22,
2016-03-14,PA-PNM,CAL2CA,Diurnal 1,BNL11114,8:37,8:44,17,
2016-03-14,PA-PNM,CASTEL,Diurnal 1,BNL11087,7:47,9:17,15.5,
2016-03-14,PA-PNM,CASTEL,Diurnal 1,BNL11106,7:43,8:58,13,
2016-03-14,PA-PNM,CORDAL,Diurnal 1,BNL11092,8:23,8:52,17,
2016-03-14,PA-PNM,CORDAL,Diurnal 1,BNL11110,8:20,8:50,17.5,
2016-03-14,PA-PNM,FICUIN,Diurnal 1,BNL11094,8:43,9:11,13.5,
2016-03-14,PA-PNM,FICUIN,Diurnal 1,BNL11140,8:46,9:13,13.5,
2016-03-14,PA-PNM,LUEHSE,Diurnal 1,BNL11104,8:02,9:03,18,
2016-03-14,PA-PNM,LUEHSE,Diurnal 1,BNL11232,7:59,9:01,20,
2016-03-14,PA-PNM,ALBIAD,Diurnal 2,BNL11090,10:51,11:29,23,
2016-03-14,PA-PNM,ALBIAD,Diurnal 2,BNL11195,10:47,10:35,23,no petiole on leaflet - measured ramet
2016-03-14,PA-PNM,ANACEX,Diurnal 2,BNL11103,10:05,10:51,15.5,
2016-03-14,PA-PNM,ANACEX,Diurnal 2,BNL11133,10:02,10:54,14,
2016-03-14,PA-PNM,ANTITR,Diurnal 2,BNL11004,10:58,10:27,20,
2016-03-14,PA-PNM,ANTITR,Diurnal 2,BNL11093,11:01,10:29,19.5,
2016-03-14,PA-PNM,CAL2CA,Diurnal 2,BNL11062,10:31,10:46,33,
2016-03-14,PA-PNM,CAL2CA,Diurnal 2,BNL11118,10:27,10:24,34,broke mid-rib
2016-03-14,PA-PNM,CASTEL,Diurnal 2,BNL11099,9:46,10:38,18,
2016-03-14,PA-PNM,CASTEL,Diurnal 2,BNL11298,9:42,11:26,14.5,
2016-03-14,PA-PNM,CORDAL,Diurnal 2,BNL11101,10:18,11:32,25.5,
2016-03-14,PA-PNM,CORDAL,Diurnal 2,BNL11102,10:13,10:41,23.5,
2016-03-14,PA-PNM,FICUIN,Diurnal 2,BNL11064,10:41,10:20,15,
2016-03-14,PA-PNM,FICUIN,Diurnal 2,BNL11119,10:37,10:31,17,
2016-03-14,PA-PNM,LUEHSE,Diurnal 2,BNL11100,9:51,11:23,23.5,
2016-03-14,PA-PNM,LUEHSE,Diurnal 2,BNL11135,9:54,11:03,21,
2016-03-14,PA-PNM,ALBIAD,Diurnal 3,BNL11083,12:31,13:09,26,no petiole on leaflet
2016-03-14,PA-PNM,ALBIAD,Diurnal 3,BNL11172,12:28,13:06,27,
2016-03-14,PA-PNM,ANACEX,Diurnal 3,BNL11071,11:38,12:50,13,
2016-03-14,PA-PNM,ANACEX,Diurnal 3,BNL11077,11:36,12:43,12,
2016-03-14,PA-PNM,ANTITR,Diurnal 3,BNL11074,12:39,13:11,20,
2016-03-14,PA-PNM,ANTITR,Diurnal 3,BNL11171,12:36,13:14,24,
2016-03-14,PA-PNM,CAL2CA,Diurnal 3,BNL11076,12:10,12:54,35.5,
2016-03-14,PA-PNM,CAL2CA,Diurnal 3,BNL11078,11:57,12:47,32,
2016-03-14,PA-PNM,CASTEL,Diurnal 3,BNL11168,11:22,12:18,13,
2016-03-14,PA-PNM,CASTEL,Diurnal 3,BNL11185,11:25,12:23,12.5,
2016-03-14,PA-PNM,CORDAL,Diurnal 3,BNL11072,11:46,12:57,23.5,
2016-03-14,PA-PNM,CORDAL,Diurnal 3,BNL11079,11:49,12:38,24.5,
2016-03-14,PA-PNM,FICUIN,Diurnal 3,BNL11081,12:20,13:00,14,
2016-03-14,PA-PNM,FICUIN,Diurnal 3,BNL11082,12:23,13:03,13.5,
2016-03-14,PA-PNM,LUEHSE,Diurnal 3,BNL11070,11:33,12:31,28.9,
2016-03-14,PA-PNM,LUEHSE,Diurnal 3,BNL11193,11:30,12:27,29,
2016-03-14,PA-PNM,ALBIAD,Diurnal 4,BNL11428,14:12,14:44,26,
2016-03-14,PA-PNM,ALBIAD,Diurnal 4,BNL11429,14:09,14:36,24,
2016-03-14,PA-PNM,ANACEX,Diurnal 4,BNL11304,13:29,14:20,11,
2016-03-14,PA-PNM,ANACEX,Diurnal 4,BNL11364,13:31,14:41,12,
2016-03-14,PA-PNM,ANTITR,Diurnal 4,BNL11430,14:24,14:51,25,
2016-03-14,PA-PNM,ANTITR,Diurnal 4,BNL11435,14:26,14:12,21.5,
2016-03-14,PA-PNM,CAL2CA,Diurnal 4,BNL11065,13:51,14:33,34,
2016-03-14,PA-PNM,CAL2CA,Diurnal 4,BNL11359,13:54,15:04,37,
2016-03-14,PA-PNM,CASTEL,Diurnal 4,BNL11066,13:13,14:54,16,
2016-03-14,PA-PNM,CASTEL,Diurnal 4,BNL11073,13:10,14:24,11,
2016-03-14,PA-PNM,CORDAL,Diurnal 4,BNL11357,13:43,15:10,24,
2016-03-14,PA-PNM,CORDAL,Diurnal 4,BNL11361,13:40,14:28,23,
2016-03-14,PA-PNM,FICUIN,Diurnal 4,BNL11353,14:03,15:07,17,
2016-03-14,PA-PNM,FICUIN,Diurnal 4,BNL11373,13:58,14:59,25.5,
2016-03-14,PA-PNM,FICUIN,Diurnal 4,BNL11374,14:01,14:05,20,
2016-03-14,PA-PNM,LUEHSE,Diurnal 4,BNL11303,13:22,14:09,24,
2016-03-14,PA-PNM,LUEHSE,Diurnal 4,BNL11368,13:20,14:47,27,
2016-03-14,PA-PNM,ALBIAD,Diurnal 5,BNL11206,16:25,17:09,24.5,
2016-03-14,PA-PNM,ALBIAD,Diurnal 5,BNL11414,16:28,17:00,25,
2016-03-14,PA-PNM,ANACEX,Diurnal 5,BNL11204,15:47,16:26,18,
2016-03-14,PA-PNM,ANACEX,Diurnal 5,BNL11415,15:40,16:35,12,
2016-03-14,PA-PNM,ANTITR,Diurnal 5,BNL11465,16:34,16:32,21.5,
2016-03-14,PA-PNM,ANTITR,Diurnal 5,BNL11485,16:38,17:03,20,
2016-03-14,PA-PNM,CAL2CA,Diurnal 5,BNL11466,16:08,16:52,28.5,
2016-03-14,PA-PNM,CAL2CA,Diurnal 5,BNL11486,16:05,16:29,36,
2016-03-14,PA-PNM,CASTEL,Diurnal 5,BNL11431,15:15,16:43,14,
2016-03-14,PA-PNM,CASTEL,Diurnal 5,BNL11432,15:19,16:55,20,
2016-03-14,PA-PNM,CORDAL,Diurnal 5,BNL11202,15:58,16:40,23,
2016-03-14,PA-PNM,CORDAL,Diurnal 5,BNL11203,15:56,16:49,28.5,
2016-03-14,PA-PNM,FICUIN,Diurnal 5,BNL11117,16:19,17:06,28.5,
2016-03-14,PA-PNM,FICUIN,Diurnal 5,BNL11416,16:16,16:38,16.5,
2016-03-14,PA-PNM,LUEHSE,Diurnal 5,BNL11426,15:34,16:57,26,
2016-03-14,PA-PNM,LUEHSE,Diurnal 5,BNL11427,15:31,16:45,27.5,
2016-03-14,PA-PNM,ALBIAD,Diurnal 6,BNL11400,18:32,18:08,20.5,
2016-03-14,PA-PNM,ALBIAD,Diurnal 6,BNL11417,18:36,18:01,24,
2016-03-14,PA-PNM,ANACEX,Diurnal 6,BNL11467,17:46,6:36,11,
2016-03-14,PA-PNM,ANACEX,Diurnal 6,BNL11484,17:37,18:25,11,
2016-03-14,PA-PNM,ANTITR,Diurnal 6,BNL11308,18:42,18:05,15.5,
2016-03-14,PA-PNM,ANTITR,Diurnal 6,BNL11309,18:45,18:03,16.5,
2016-03-14,PA-PNM,CAL2CA,Diurnal 6,BNL11354,18:13,18:17,22,
2016-03-14,PA-PNM,CAL2CA,Diurnal 6,BNL11480,18:10,18:15,30,
2016-03-14,PA-PNM,CASTEL,Diurnal 6,BNL11301,17:17,18:31,13,
2016-03-14,PA-PNM,CASTEL,Diurnal 6,BNL11491,17:20,18:28,12,
2016-03-14,PA-PNM,CORDAL,Diurnal 6,BNL11207,17:53,18:22,18,
2016-03-14,PA-PNM,CORDAL,Diurnal 6,BNL11488,17:58,18:19,24,
2016-03-14,PA-PNM,FICUIN,Diurnal 6,BNL11307,18:27,18:10,12.5,
2016-03-14,PA-PNM,FICUIN,Diurnal 6,BNL11479,18:17,18:12,15.5,
2016-03-14,PA-PNM,LUEHSE,Diurnal 6,BNL11483,17:26,18:33,13,
2016-03-14,PA-PNM,LUEHSE,Diurnal 6,BNL11487,17:29,6:39,17.5,
2016-03-14,PA-PNM,ALBIAD,Pre-dawn LWP,BNL11378,5:54,6:55,20.5,
2016-03-14,PA-PNM,ALBIAD,Pre-dawn LWP,BNL11452,5:56,6:39,28,
2016-03-14,PA-PNM,ALBIAD,Pre-dawn LWP,BNL11482,5:55,6:53,10,
2016-03-14,PA-PNM,ANACEX,Pre-dawn LWP,BNL11385,5:14,7:38,15,latex -  difficult to distinguish
2016-03-14,PA-PNM,ANACEX,Pre-dawn LWP,BNL11386,5:15,7:34,12,latex
2016-03-14,PA-PNM,ANACEX,Pre-dawn LWP,BNL11390,5:12,7:41,10,"latex, = 10-15"
2016-03-14,PA-PNM,ANTITR,Pre-dawn LWP,BNL11313,6:05,6:19,13.5,
2016-03-14,PA-PNM,ANTITR,Pre-dawn LWP,BNL11492,6:03,6:33,13,
2016-03-14,PA-PNM,ANTITR,Pre-dawn LWP,BNL11499,6:04,6:31,11.5,
2016-03-14,PA-PNM,CAL2CA,Pre-dawn LWP,BNL11276,5:34,7:15,19,
2016-03-14,PA-PNM,CAL2CA,Pre-dawn LWP,BNL11279,5:33,7:17,14.5,
2016-03-14,PA-PNM,CAL2CA,Pre-dawn LWP,BNL11367,5:36,7:13,22.5,
2016-03-14,PA-PNM,CASTEL,Pre-dawn LWP,BNL11325,5:00,7:53,12,latex
2016-03-14,PA-PNM,CASTEL,Pre-dawn LWP,BNL11370,4:58,8:05,12.5,latex
2016-03-14,PA-PNM,CASTEL,Pre-dawn LWP,BNL11371,4:59,7:57,10.5,latex
2016-03-14,PA-PNM,CORDAL,Pre-dawn LWP,BNL11264,5:26,7:27,22,
2016-03-14,PA-PNM,CORDAL,Pre-dawn LWP,BNL11322,5:26,7:31,15.5,
2016-03-14,PA-PNM,CORDAL,Pre-dawn LWP,BNL11387,5:24,7:29,20,
2016-03-14,PA-PNM,FICUIN,Pre-dawn LWP,BNL11212,5:43,7:01,13,latex
2016-03-14,PA-PNM,FICUIN,Pre-dawn LWP,BNL11213,5:42,7:05,10.5,latex
2016-03-14,PA-PNM,FICUIN,Pre-dawn LWP,BNL11396,5:40,7:09,12.5,latex
2016-03-14,PA-PNM,LUEHSE,Pre-dawn LWP,BNL11214,5:05,7:49,14.5,
2016-03-14,PA-PNM,LUEHSE,Pre-dawn LWP,BNL11263,5:07,7:44,16.5,
2016-03-14,PA-PNM,LUEHSE,Pre-dawn LWP,BNL11326,5:06,7:47,19.5,
2016-04-21,PA-SLZ,CARAGU,Diurnal 1,BNL11709,6:54,9:03,10.5,
2016-04-21,PA-SLZ,CARAGU,Diurnal 1,BNL11710,6:58,9:37,14.5,
2016-04-21,PA-SLZ,GUATDU,Diurnal 1,BNL11705,7:50,9:17,18,
2016-04-21,PA-SLZ,GUATDU,Diurnal 1,BNL11706,7:53,8:56,19,
2016-04-21,PA-SLZ,MICOBO,Diurnal 1,BNL11711,7:37,9:08,10,
2016-04-21,PA-SLZ,MICOBO,Diurnal 1,BNL11712,7:40,9:18,9.5,
2016-04-21,PA-SLZ,TACHVE,Diurnal 1,BNL11717,7:07,9:05,15.5,
2016-04-21,PA-SLZ,TACHVE,Diurnal 1,BNL11718,7:10,9:14,18.5,
2016-04-21,PA-SLZ,TERMAM,Diurnal 1,BNL11707,6:36,8:59,13.5,
2016-04-21,PA-SLZ,TERMAM,Diurnal 1,BNL11708,6:39,9:11,21,
2016-04-21,PA-SLZ,TOCOPI,Diurnal 1,BNL11719,6:45,9:01,9.5,
2016-04-21,PA-SLZ,TOCOPI,Diurnal 1,BNL11720,6:48,9:35,14.5,
2016-04-21,PA-SLZ,VIROSP,Diurnal 1,BNL11713,7:28,9:32,23,
2016-04-21,PA-SLZ,VIROSP,Diurnal 1,BNL11714,7:31,9:25,20,
2016-04-21,PA-SLZ,VOCHFE,Diurnal 1,BNL11715,7:18,9:21,10,
2016-04-21,PA-SLZ,VOCHFE,Diurnal 1,BNL11716,7:21,9:28,13,
2016-04-21,PA-SLZ,CARAGU,Diurnal 2,BNL11745,8:38,10:36,15.5,
2016-04-21,PA-SLZ,CARAGU,Diurnal 2,BNL11746,8:40,10:39,11.5,
2016-04-21,PA-SLZ,GUATDU,Diurnal 2,BNL11739,9:26,11:30,18,
2016-04-21,PA-SLZ,GUATDU,Diurnal 2,BNL11740,9:32,11:38,16.5,
2016-04-21,PA-SLZ,MICOBO,Diurnal 2,BNL11701,9:16,10:42,24,
2016-04-21,PA-SLZ,MICOBO,Diurnal 2,BNL11702,9:20,10:55,19,
2016-04-21,PA-SLZ,TACHVE,Diurnal 2,BNL11741,8:48,11:43,22.5,
2016-04-21,PA-SLZ,TACHVE,Diurnal 2,BNL11742,8:50,10:52,20,
2016-04-21,PA-SLZ,TERMAM,Diurnal 2,BNL11749,8:21,10:58,19.5,
2016-04-21,PA-SLZ,TERMAM,Diurnal 2,BNL11750,8:24,10:32,18,
2016-04-21,PA-SLZ,TOCOPI,Diurnal 2,BNL11751,8:31,11:32,19,
2016-04-21,PA-SLZ,TOCOPI,Diurnal 2,BNL11752,8:33,10:34,10.5,
2016-04-21,PA-SLZ,VIROSP,Diurnal 2,BNL11747,9:07,10:49,20,
2016-04-21,PA-SLZ,VIROSP,Diurnal 2,BNL11748,9:12,11:36,23.5,
2016-04-21,PA-SLZ,VOCHFE,Diurnal 2,BNL11743,8:56,11:01,16.5,
2016-04-21,PA-SLZ,VOCHFE,Diurnal 2,BNL11744,9:00,10:44,20,
2016-04-21,PA-SLZ,CARAGU,Diurnal 3,BNL11545,10:18,11:58,15.5,
2016-04-21,PA-SLZ,CARAGU,Diurnal 3,BNL11546,10:22,12:16,17,
2016-04-21,PA-SLZ,GUATDU,Diurnal 3,BNL11809,11:02,11:46,20,twig with 3 leaves
2016-04-21,PA-SLZ,GUATDU,Diurnal 3,BNL11810,11:05,12:08,20,twig with 1 leaf
2016-04-21,PA-SLZ,MICOBO,Diurnal 3,BNL11807,10:55,12:25,25,
2016-04-21,PA-SLZ,MICOBO,Diurnal 3,BNL11808,10:58,11:49,20.5,
2016-04-21,PA-SLZ,TACHVE,Diurnal 3,BNL11801,10:29,12:18,22.5,
2016-04-21,PA-SLZ,TACHVE,Diurnal 3,BNL11802,10:33,11:56,20,
2016-04-21,PA-SLZ,TERMAM,Diurnal 3,BNL12205,9:57,12:14,25.5,
2016-04-21,PA-SLZ,TERMAM,Diurnal 3,BNL12206,10:00,11:54,21,
2016-04-21,PA-SLZ,TOCOPI,Diurnal 3,BNL12203,10:06,12:03,18.5,
2016-04-21,PA-SLZ,TOCOPI,Diurnal 3,BNL12204,10:11,11:52,18.5,
2016-04-21,PA-SLZ,VIROSP,Diurnal 3,BNL11805,10:46,12:11,20,
2016-04-21,PA-SLZ,VIROSP,Diurnal 3,BNL11806,10:49,12:21,21.5,
2016-04-21,PA-SLZ,VOCHFE,Diurnal 3,BNL11803,10:38,12:00,17.5,
2016-04-21,PA-SLZ,VOCHFE,Diurnal 3,BNL11804,10:41,12:06,21.5,
2016-04-21,PA-SLZ,CARAGU,Diurnal 4,BNL11721,11:46,14:18,15.5,
2016-04-21,PA-SLZ,CARAGU,Diurnal 4,BNL11722,11:49,14:12,20,
2016-04-21,PA-SLZ,GUATDU,Diurnal 4,BNL11731,12:30,13:52,25.5,
2016-04-21,PA-SLZ,GUATDU,Diurnal 4,BNL11732,12:33,14:09,19.5,
2016-04-21,PA-SLZ,MICOBO,Diurnal 4,BNL11729,12:21,14:02,21.5,
2016-04-21,PA-SLZ,MICOBO,Diurnal 4,BNL11730,12:24,14:07,24.5,
2016-04-21,PA-SLZ,TACHVE,Diurnal 4,BNL11723,11:54,14:16,19.5,
2016-04-21,PA-SLZ,TACHVE,Diurnal 4,BNL11724,11:59,13:56,20,
2016-04-21,PA-SLZ,TERMAM,Diurnal 4,BNL11737,11:28,13:54,25.5,
2016-04-21,PA-SLZ,TERMAM,Diurnal 4,BNL11738,11:31,14:23,15,
2016-04-21,PA-SLZ,TOCOPI,Diurnal 4,BNL11735,11:36,14:20,16.5,
2016-04-21,PA-SLZ,TOCOPI,Diurnal 4,BNL11736,11:40,14:04,17.5,
2016-04-21,PA-SLZ,VIROSP,Diurnal 4,BNL11727,12:12,14:26,25,
2016-04-21,PA-SLZ,VIROSP,Diurnal 4,BNL11728,12:14,13:49,26.5,
2016-04-21,PA-SLZ,VOCHFE,Diurnal 4,BNL11725,12:04,14:14,20,
2016-04-21,PA-SLZ,VOCHFE,Diurnal 4,BNL11726,12:06,13:59,27.5,
2016-04-21,PA-SLZ,CARAGU,Diurnal 5,BNL11791,13:10,15:16,18,
2016-04-21,PA-SLZ,CARAGU,Diurnal 5,BNL11792,13:16,14:58,19,
2016-04-21,PA-SLZ,GUATDU,Diurnal 5,BNL11796,13:55,15:21,18,
2016-04-21,PA-SLZ,GUATDU,Diurnal 5,BNL11797,13:58,15:44,18.5,
2016-04-21,PA-SLZ,MICOBO,Diurnal 5,BNL11534,13:50,15:47,18,
2016-04-21,PA-SLZ,MICOBO,Diurnal 5,BNL11811,13:48,15:41,19,
2016-04-21,PA-SLZ,TACHVE,Diurnal 5,BNL11798,13:22,15:02,26,single leaflet
2016-04-21,PA-SLZ,TACHVE,Diurnal 5,BNL11799,13:26,15:27,26,single leaflet
2016-04-21,PA-SLZ,TERMAM,Diurnal 5,BNL11795,12:53,14:55,26.5,
2016-04-21,PA-SLZ,TERMAM,Diurnal 5,BNL12202,12:55,15:38,27.5,
2016-04-21,PA-SLZ,TOCOPI,Diurnal 5,BNL11793,13:01,15:06,15.5,
2016-04-21,PA-SLZ,TOCOPI,Diurnal 5,BNL11794,13:04,15:00,19,
2016-04-21,PA-SLZ,VIROSP,Diurnal 5,BNL11518,13:39,15:13,-9999,petiole broke off
2016-04-21,PA-SLZ,VIROSP,Diurnal 5,BNL11535,13:43,15:34,-9999,petiole broke off
2016-04-21,PA-SLZ,VOCHFE,Diurnal 5,BNL11520,13:33,15:23,15.5,
2016-04-21,PA-SLZ,VOCHFE,Diurnal 5,BNL11812,13:31,15:19,18,
2016-04-21,PA-SLZ,CARAGU,Diurnal 6,BNL11514,14:45,16:39,18,
2016-04-21,PA-SLZ,CARAGU,Diurnal 6,BNL11533,14:42,16:43,14,
2016-04-21,PA-SLZ,GUATDU,Diurnal 6,BNL11547,15:16,16:18,16,
2016-04-21,PA-SLZ,GUATDU,Diurnal 6,BNL11548,15:14,16:01,17.5,
2016-04-21,PA-SLZ,MICOBO,Diurnal 6,BNL11510,15:08,16:57,22,
2016-04-21,PA-SLZ,MICOBO,Diurnal 6,BNL11549,15:09,15:58,21,
2016-04-21,PA-SLZ,TACHVE,Diurnal 6,BNL11511,14:50,16:37,22.5,single leaflet
2016-04-21,PA-SLZ,TACHVE,Diurnal 6,BNL11512,14:51,16:45,16.5,single leaflet
2016-04-21,PA-SLZ,TERMAM,Diurnal 6,BNL11516,14:26,16:16,16.5,
2016-04-21,PA-SLZ,TERMAM,Diurnal 6,BNL11517,14:28,16:24,13,
2016-04-21,PA-SLZ,TOCOPI,Diurnal 6,BNL11513,14:36,16:33,15.5,
2016-04-21,PA-SLZ,TOCOPI,Diurnal 6,BNL11703,14:33,16:28,9.5,
2016-04-21,PA-SLZ,VIROSP,Diurnal 6,BNL11550,15:04,16:22,22,
2016-04-21,PA-SLZ,VIROSP,Diurnal 6,BNL11800,15:02,16:10,22,
2016-04-21,PA-SLZ,VOCHFE,Diurnal 6,BNL11509,14:56,15:53,14,
2016-04-21,PA-SLZ,VOCHFE,Diurnal 6,BNL11515,14:57,16:31,16,
2016-04-21,PA-SLZ,CARAGU,Diurnal 7,BNL11617,16:07,18:18,17,
2016-04-21,PA-SLZ,CARAGU,Diurnal 7,BNL11618,16:10,17:42,12,
2016-04-21,PA-SLZ,GUATDU,Diurnal 7,BNL11615,16:51,17:45,17,
2016-04-21,PA-SLZ,GUATDU,Diurnal 7,BNL11616,16:53,18:05,19,
2016-04-21,PA-SLZ,MICOBO,Diurnal 7,BNL11612,16:45,17:48,14.5,
2016-04-21,PA-SLZ,MICOBO,Diurnal 7,BNL11614,16:42,17:55,21,
2016-04-21,PA-SLZ,TACHVE,Diurnal 7,BNL11607,16:21,18:29,10,
2016-04-21,PA-SLZ,TACHVE,Diurnal 7,BNL11608,16:17,18:32,14,
2016-04-21,PA-SLZ,TERMAM,Diurnal 7,BNL11605,15:44,18:27,12,
2016-04-21,PA-SLZ,TERMAM,Diurnal 7,BNL11606,15:47,17:51,21.5,
2016-04-21,PA-SLZ,TOCOPI,Diurnal 7,BNL11631,16:00,18:21,15,
2016-04-21,PA-SLZ,TOCOPI,Diurnal 7,BNL11632,15:58,17:40,13.5,
2016-04-21,PA-SLZ,VIROSP,Diurnal 7,BNL11611,16:34,18:10,18,
2016-04-21,PA-SLZ,VIROSP,Diurnal 7,BNL11613,16:37,18:00,28,
2016-04-21,PA-SLZ,VOCHFE,Diurnal 7,BNL11609,16:26,18:24,11.5,
2016-04-21,PA-SLZ,VOCHFE,Diurnal 7,BNL11610,16:29,18:12,12,
2016-04-21,PA-SLZ,CARAGU,Diurnal 8,BNL11623,17:27,19:11,16.5,
2016-04-21,PA-SLZ,CARAGU,Diurnal 8,BNL11624,17:29,19:08,13.5,
2016-04-21,PA-SLZ,GUATDU,Diurnal 8,BNL11633,18:03,19:04,19,
2016-04-21,PA-SLZ,GUATDU,Diurnal 8,BNL11634,18:07,18:50,17.5,
2016-04-21,PA-SLZ,MICOBO,Diurnal 8,BNL11629,17:55,19:29,12.5,
2016-04-21,PA-SLZ,MICOBO,Diurnal 8,BNL11630,17:58,19:14,11,
2016-04-21,PA-SLZ,TACHVE,Diurnal 8,BNL11783,17:33,18:47,19,
2016-04-21,PA-SLZ,TACHVE,Diurnal 8,BNL11784,17:36,19:00,12,
2016-04-21,PA-SLZ,TERMAM,Diurnal 8,BNL11619,17:10,18:41,12.5,
2016-04-21,PA-SLZ,TERMAM,Diurnal 8,BNL11620,17:12,19:23,14,
2016-04-21,PA-SLZ,TOCOPI,Diurnal 8,BNL11621,17:17,19:19,8,
2016-04-21,PA-SLZ,TOCOPI,Diurnal 8,BNL11622,17:20,19:26,10,
2016-04-21,PA-SLZ,VIROSP,Diurnal 8,BNL11627,17:46,18:55,22,
2016-04-21,PA-SLZ,VIROSP,Diurnal 8,BNL11628,17:49,18:45,17,
2016-04-21,PA-SLZ,VOCHFE,Diurnal 8,BNL11625,17:40,18:58,12,
2016-04-21,PA-SLZ,VOCHFE,Diurnal 8,BNL11626,17:43,19:07,12,
2016-04-21,PA-SLZ,APEIME,Pre-dawn LWP,BNL11531,6:03,8:43,13,twig with tiny leaves; collection time extimated based on February sampling schedule
2016-04-21,PA-SLZ,APEIME,Pre-dawn LWP,BNL11532,6:03,8:51,-9999,damaged in chamber; collection time extimated based on February sampling schedule
2016-04-21,PA-SLZ,CARAGU,Pre-dawn LWP,BNL11523,5:28,8:05,9.5,"first measurement 9.5, second 10.0; collection time extimated based on February sampling schedule"
2016-04-21,PA-SLZ,CARAGU,Pre-dawn LWP,BNL12208,5:28,7:37,8.5,"first measurement 8.5, second 10.0; collection time extimated based on February sampling schedule"
2016-04-21,PA-SLZ,GUATDU,Pre-dawn LWP,BNL11519,6:09,7:11,17,collection time extimated based on February sampling schedule
2016-04-21,PA-SLZ,GUATDU,Pre-dawn LWP,BNL11537,6:09,6:56,15.5,collection time extimated based on February sampling schedule
2016-04-21,PA-SLZ,MICOBO,Pre-dawn LWP,BNL11526,5:57,8:23,22,collection time extimated based on February sampling schedule
2016-04-21,PA-SLZ,MICOBO,Pre-dawn LWP,BNL11527,5:57,7:59,27,collection time extimated based on February sampling schedule
2016-04-21,PA-SLZ,TACHVE,Pre-dawn LWP,BNL11530,5:33,8:08,15,compound leaf; collection time extimated based on February sampling schedule
2016-04-21,PA-SLZ,TACHVE,Pre-dawn LWP,BNL11536,5:33,8:11,21,compound leaf
2016-04-21,PA-SLZ,TERMAM,Pre-dawn LWP,BNL11522,5:15,7:53,12.5,collection time extimated based on February sampling schedule
2016-04-21,PA-SLZ,TERMAM,Pre-dawn LWP,BNL12210,5:15,6:47,-9999,"fail, leaf damage; collection time extimated based on February sampling schedule"
2016-04-21,PA-SLZ,TOCOPI,Pre-dawn LWP,BNL12207,5:22,7:21,4,might be latex; collection time extimated based on February sampling schedule
2016-04-21,PA-SLZ,TOCOPI,Pre-dawn LWP,BNL12209,5:22,7:49,16,collection time extimated based on February sampling schedule
2016-04-21,PA-SLZ,VIROSP,Pre-dawn LWP,BNL11524,5:47,7:27,5,second test about 17.0; collection time extimated based on February sampling schedule
2016-04-21,PA-SLZ,VIROSP,Pre-dawn LWP,BNL11528,5:47,8:20,15,latex around 5.0; collection time extimated based on February sampling schedule
2016-04-21,PA-SLZ,VOCHFE,Pre-dawn LWP,BNL11525,5:40,7:43,9.5,"first measurement 9.5, second 10.5; collection time extimated based on February sampling schedule"
2016-04-21,PA-SLZ,VOCHFE,Pre-dawn LWP,BNL11529,5:40,7:16,12.5,collection time extimated based on February sampling schedule
2016-04-25,PA-PNM,ALBIAD,Diurnal 1,BNL11923,7:01,8:23,17,
2016-04-25,PA-PNM,ALBIAD,Diurnal 1,BNL11924,7:06,8:25,15.5,
2016-04-25,PA-PNM,ANACEX,Diurnal 1,BNL11915,6:19,7:46,6,
2016-04-25,PA-PNM,ANACEX,Diurnal 1,BNL11916,6:22,7:51,5.5,
2016-04-25,PA-PNM,ANTITR,Diurnal 1,BNL11925,7:14,8:19,10,
2016-04-25,PA-PNM,ANTITR,Diurnal 1,BNL11926,7:18,8:21,12,
2016-04-25,PA-PNM,CAL2CA,Diurnal 1,BNL11917,6:40,8:00,23.5,
2016-04-25,PA-PNM,CAL2CA,Diurnal 1,BNL11918,6:43,8:04,20,
2016-04-25,PA-PNM,CORDAL,Diurnal 1,BNL11919,6:33,8:16,23,
2016-04-25,PA-PNM,CORDAL,Diurnal 1,BNL11920,6:29,7:55,20,
2016-04-25,PA-PNM,FICUIN,Diurnal 1,BNL11921,6:48,8:07,12,
2016-04-25,PA-PNM,FICUIN,Diurnal 1,BNL11922,6:52,8:11,15,
2016-04-25,PA-PNM,LUEHSE,Diurnal 1,BNL11913,6:10,7:38,12,
2016-04-25,PA-PNM,LUEHSE,Diurnal 1,BNL11914,6:14,7:42,11,
2016-04-25,PA-PNM,ALBIAD,Diurnal 2,BNL11956,8:26,9:24,11.5,
2016-04-25,PA-PNM,ALBIAD,Diurnal 2,BNL11957,8:30,9:49,17,
2016-04-25,PA-PNM,ANACEX,Diurnal 2,BNL11929,7:48,9:10,12,
2016-04-25,PA-PNM,ANACEX,Diurnal 2,BNL11930,7:51,9:23,11,
2016-04-25,PA-PNM,ANTITR,Diurnal 2,BNL11958,8:35,9:32,12,
2016-04-25,PA-PNM,ANTITR,Diurnal 2,BNL11959,8:39,8:53,12.5,
2016-04-25,PA-PNM,CAL2CA,Diurnal 2,BNL11933,8:07,9:18,19,
2016-04-25,PA-PNM,CAL2CA,Diurnal 2,BNL11934,8:10,9:44,22,
2016-04-25,PA-PNM,CORDAL,Diurnal 2,BNL11931,7:58,9:34,22.5,
2016-04-25,PA-PNM,CORDAL,Diurnal 2,BNL11932,8:00,9:21,20.5,
2016-04-25,PA-PNM,FICUIN,Diurnal 2,BNL11935,8:15,9:06,11.5,
2016-04-25,PA-PNM,FICUIN,Diurnal 2,BNL11955,8:20,9:52,10.5,
2016-04-25,PA-PNM,LUEHSE,Diurnal 2,BNL11927,7:40,9:40,21,
2016-04-25,PA-PNM,LUEHSE,Diurnal 2,BNL11928,7:44,9:14,16,
2016-04-25,PA-PNM,ALBIAD,Diurnal 3,BNL11970,9:55,11:18,18,
2016-04-25,PA-PNM,ALBIAD,Diurnal 3,BNL11971,9:59,11:13,18,
2016-04-25,PA-PNM,ANACEX,Diurnal 3,BNL11962,9:09,11:01,10,
2016-04-25,PA-PNM,ANACEX,Diurnal 3,BNL11963,9:12,10:57,7.5,
2016-04-25,PA-PNM,ANTITR,Diurnal 3,BNL11972,10:05,10:22,9,
2016-04-25,PA-PNM,ANTITR,Diurnal 3,BNL11973,10:07,10:19,15.5,
2016-04-25,PA-PNM,CAL2CA,Diurnal 3,BNL11966,9:32,10:35,22.5,
2016-04-25,PA-PNM,CAL2CA,Diurnal 3,BNL11967,9:35,10:39,25,
2016-04-25,PA-PNM,CORDAL,Diurnal 3,BNL11964,9:21,10:45,23.5,
2016-04-25,PA-PNM,CORDAL,Diurnal 3,BNL11965,9:23,10:49,29,
2016-04-25,PA-PNM,FICUIN,Diurnal 3,BNL11968,9:43,10:30,14,
2016-04-25,PA-PNM,FICUIN,Diurnal 3,BNL11969,9:46,10:26,13,
2016-04-25,PA-PNM,LUEHSE,Diurnal 3,BNL11960,9:02,11:08,22,
2016-04-25,PA-PNM,LUEHSE,Diurnal 3,BNL11961,9:05,11:05,23,
2016-04-25,PA-PNM,LUEHSE,Diurnal 4,BNL11974,10:41,11:26,21.5,
2016-04-25,PA-PNM,LUEHSE,Diurnal 4,BNL11975,10:43,11:23,25.5,
2016-04-25,PA-PNM,ALBIAD,Pre-dawn LWP,BNL11911,5:54,7:34,14,collection time estimated based on February sampling
2016-04-25,PA-PNM,ALBIAD,Pre-dawn LWP,BNL11912,5:54,7:29,18,collection time estimated based on February sampling
2016-04-25,PA-PNM,ANACEX,Pre-dawn LWP,BNL11903,5:17,6:37,9,collection time estimated based on February sampling
2016-04-25,PA-PNM,ANACEX,Pre-dawn LWP,BNL11904,5:17,7:17,6,collection time estimated based on February sampling
2016-04-25,PA-PNM,CAL2CA,Pre-dawn LWP,BNL11907,5:38,7:04,21,collection time estimated based on February sampling
2016-04-25,PA-PNM,CAL2CA,Pre-dawn LWP,BNL11908,5:38,7:10,22.5,collection time estimated based on February sampling
2016-04-25,PA-PNM,CASTEL,Pre-dawn LWP,BNL11733,5:05,6:11,6,collection time estimated based on February sampling
2016-04-25,PA-PNM,CASTEL,Pre-dawn LWP,BNL11734,5:05,6:28,4,collection time estimated based on February sampling
2016-04-25,PA-PNM,CORDAL,Pre-dawn LWP,BNL11905,5:28,7:14,18,collection time estimated based on February sampling
2016-04-25,PA-PNM,CORDAL,Pre-dawn LWP,BNL11906,5:28,7:23,27,collection time estimated based on February sampling
2016-04-25,PA-PNM,FICUIN,Pre-dawn LWP,BNL11909,5:46,6:50,10.5,collection time estimated based on February sampling
2016-04-25,PA-PNM,FICUIN,Pre-dawn LWP,BNL11910,5:46,6:46,13.5,collection time estimated based on February sampling
2016-04-25,PA-PNM,LUEHSE,Pre-dawn LWP,BNL11544,5:10,6:31,13,collection time estimated based on February sampling
2016-04-25,PA-PNM,LUEHSE,Pre-dawn LWP,BNL11704,5:10,6:41,11,collection time estimated based on February sampling
2016-04-26,PA-PNM,ALBIAD,Diurnal 5,BNL11986,13:43,15:21,18,
2016-04-26,PA-PNM,ALBIAD,Diurnal 5,BNL11987,13:46,15:05,10,
2016-04-26,PA-PNM,ANACEX,Diurnal 5,BNL11978,13:07,14:54,14,
2016-04-26,PA-PNM,ANACEX,Diurnal 5,BNL11979,13:09,16:37,15,
2016-04-26,PA-PNM,ANTITR,Diurnal 5,BNL11988,13:54,14:30,8,
2016-04-26,PA-PNM,ANTITR,Diurnal 5,BNL11989,13:55,15:02,9,
2016-04-26,PA-PNM,CAL2CA,Diurnal 5,BNL11982,13:28,14:24,23,
2016-04-26,PA-PNM,CAL2CA,Diurnal 5,BNL11983,13:32,14:43,28,
2016-04-26,PA-PNM,CORDAL,Diurnal 5,BNL11980,13:17,14:47,21.5,
2016-04-26,PA-PNM,CORDAL,Diurnal 5,BNL11981,13:19,15:16,24,
2016-04-26,PA-PNM,FICUIN,Diurnal 5,BNL11984,13:37,14:58,15,
2016-04-26,PA-PNM,FICUIN,Diurnal 5,BNL11985,13:39,15:09,13,
2016-04-26,PA-PNM,LUEHSE,Diurnal 5,BNL11976,12:58,14:39,27,
2016-04-26,PA-PNM,LUEHSE,Diurnal 5,BNL11977,13:02,14:35,21.5,
2016-04-26,PA-PNM,ALBIAD,Diurnal 6,BNL11998,16:14,17:01,11.5,
2016-04-26,PA-PNM,ALBIAD,Diurnal 6,BNL11999,16:16,16:58,18.5,
2016-04-26,PA-PNM,ANACEX,Diurnal 6,BNL11990,15:48,16:44,8,
2016-04-26,PA-PNM,ANACEX,Diurnal 6,BNL11991,15:49,17:24,10.5,
2016-04-26,PA-PNM,ANTITR,Diurnal 6,BNL12000,16:22,16:55,12,
2016-04-26,PA-PNM,ANTITR,Diurnal 6,BNL12201,16:23,17:07,8,
2016-04-26,PA-PNM,CAL2CA,Diurnal 6,BNL11994,16:01,17:22,23.5,
2016-04-26,PA-PNM,CAL2CA,Diurnal 6,BNL11995,16:03,16:40,20,
2016-04-26,PA-PNM,CORDAL,Diurnal 6,BNL11992,15:54,17:17,25,
2016-04-26,PA-PNM,CORDAL,Diurnal 6,BNL11993,15:56,17:14,23,
2016-04-26,PA-PNM,FICUIN,Diurnal 6,BNL11996,16:07,17:10,14,
2016-04-26,PA-PNM,FICUIN,Diurnal 6,BNL11997,16:08,17:04,14.5,
2016-04-26,PA-PNM,LUEHSE,Diurnal 6,BNL11553,15:36,16:52,24,
2016-04-26,PA-PNM,LUEHSE,Diurnal 6,BNL11554,15:38,16:47,22,
2016-04-26,PA-PNM,ALBIAD,Diurnal 7,BNL11563,17:27,-9999,9,or 3.0
2016-04-26,PA-PNM,ALBIAD,Diurnal 7,BNL11564,17:30,-9999,9,
2016-04-26,PA-PNM,ANACEX,Diurnal 7,BNL11555,16:52,-9999,11,
2016-04-26,PA-PNM,ANACEX,Diurnal 7,BNL11556,16:54,-9999,10,
2016-04-26,PA-PNM,ANTITR,Diurnal 7,BNL11569,17:34,-9999,8.5,
2016-04-26,PA-PNM,ANTITR,Diurnal 7,BNL11570,17:36,-9999,9,
2016-04-26,PA-PNM,CAL2CA,Diurnal 7,BNL11559,17:11,-9999,17.5,
2016-04-26,PA-PNM,CAL2CA,Diurnal 7,BNL11560,17:15,-9999,14,
2016-04-26,PA-PNM,CORDAL,Diurnal 7,BNL11557,17:01,-9999,15.5,
2016-04-26,PA-PNM,CORDAL,Diurnal 7,BNL11558,17:04,-9999,24,
2016-04-26,PA-PNM,FICUIN,Diurnal 7,BNL11561,17:18,-9999,11,
2016-04-26,PA-PNM,FICUIN,Diurnal 7,BNL11562,17:21,-9999,10.5,
2016-04-26,PA-PNM,LUEHSE,Diurnal 7,BNL11551,16:47,-9999,21.5,
2016-04-26,PA-PNM,LUEHSE,Diurnal 7,BNL11552,16:48,-9999,18,
2016-05-17,PA-PNM,ALBIAD,Diurnal 1,STRI_0033,7:48,9:58,20,
2016-05-17,PA-PNM,ALBIAD,Diurnal 1,STRI_0034,7:52,9:21,13,
2016-05-17,PA-PNM,ANACEX,Diurnal 1,STRI_0025,7:14,9:53,12,
2016-05-17,PA-PNM,ANACEX,Diurnal 1,STRI_0026,7:16,9:28,9,
2016-05-17,PA-PNM,ANTITR,Diurnal 1,STRI_0035,7:58,9:23,8,
2016-05-17,PA-PNM,ANTITR,Diurnal 1,STRI_0036,8:00,9:50,8.5,
2016-05-17,PA-PNM,CAL2CA,Diurnal 1,STRI_0029,7:33,9:55,9,
2016-05-17,PA-PNM,CAL2CA,Diurnal 1,STRI_0030,7:35,-9999,4,
2016-05-17,PA-PNM,CASTEL,Diurnal 1,STRI_0021,6:54,9:40,10.5,
2016-05-17,PA-PNM,CASTEL,Diurnal 1,STRI_0022,6:57,9:37,11,
2016-05-17,PA-PNM,CORDAL,Diurnal 1,STRI_0027,7:24,9:31,21,
2016-05-17,PA-PNM,CORDAL,Diurnal 1,STRI_0028,7:26,9:15,20.5,
2016-05-17,PA-PNM,FICUIN,Diurnal 1,STRI_0031,7:41,9:48,13,
2016-05-17,PA-PNM,FICUIN,Diurnal 1,STRI_0032,7:43,9:45,14,
2016-05-17,PA-PNM,LUEHSE,Diurnal 1,STRI_0023,7:02,9:12,23,
2016-05-17,PA-PNM,LUEHSE,Diurnal 1,STRI_0024,7:05,9:19,13,
2016-05-17,PA-PNM,PSE1SE,Diurnal 1,STRI_0019,6:46,9:42,9.5,
2016-05-17,PA-PNM,PSE1SE,Diurnal 1,STRI_0020,6:49,9:25,7.5,
2016-05-17,PA-PNM,ALBIAD,Diurnal 2,STRI_0051,10:00,-9999,22.5,
2016-05-17,PA-PNM,ALBIAD,Diurnal 2,STRI_0052,10:06,-9999,22,
2016-05-17,PA-PNM,ANACEX,Diurnal 2,STRI_0043,9:26,-9999,20,
2016-05-17,PA-PNM,ANACEX,Diurnal 2,STRI_0044,9:29,-9999,8,
2016-05-17,PA-PNM,ANTITR,Diurnal 2,STRI_0053,10:12,-9999,11,
2016-05-17,PA-PNM,ANTITR,Diurnal 2,STRI_0054,10:14,-9999,8,
2016-05-17,PA-PNM,CAL2CA,Diurnal 2,STRI_0047,9:45,-9999,10.5,
2016-05-17,PA-PNM,CAL2CA,Diurnal 2,STRI_0048,9:48,-9999,9.5,
2016-05-17,PA-PNM,CASTEL,Diurnal 2,STRI_0039,9:08,-9999,12,
2016-05-17,PA-PNM,CASTEL,Diurnal 2,STRI_0040,9:11,-9999,17,
2016-05-17,PA-PNM,CORDAL,Diurnal 2,STRI_0045,9:35,-9999,22.5,
2016-05-17,PA-PNM,CORDAL,Diurnal 2,STRI_0046,9:38,-9999,19,
2016-05-17,PA-PNM,FICUIN,Diurnal 2,STRI_0049,9:53,-9999,7,
2016-05-17,PA-PNM,FICUIN,Diurnal 2,STRI_0050,9:54,-9999,16,
2016-05-17,PA-PNM,LUEHSE,Diurnal 2,STRI_0041,9:16,-9999,7,
2016-05-17,PA-PNM,LUEHSE,Diurnal 2,STRI_0042,9:18,-9999,-9999,
2016-05-17,PA-PNM,PSE1SE,Diurnal 2,STRI_0037,9:01,-9999,10,
2016-05-17,PA-PNM,PSE1SE,Diurnal 2,STRI_0038,9:04,-9999,13,
2016-05-17,PA-PNM,ALBIAD,Diurnal 3,STRI_0069,12:11,13:25,19,
2016-05-17,PA-PNM,ALBIAD,Diurnal 3,STRI_0070,12:14,13:02,15,
2016-05-17,PA-PNM,ANACEX,Diurnal 3,STRI_0061,11:39,13:11,11,
2016-05-17,PA-PNM,ANACEX,Diurnal 3,STRI_0062,11:41,13:53,13,
2016-05-17,PA-PNM,ANTITR,Diurnal 3,STRI_0071,12:22,13:19,9,
2016-05-17,PA-PNM,ANTITR,Diurnal 3,STRI_0072,12:24,13:38,8.5,
2016-05-17,PA-PNM,CAL2CA,Diurnal 3,STRI_0065,11:58,12:54,6,
2016-05-17,PA-PNM,CAL2CA,Diurnal 3,STRI_0066,12:00,13:27,7,
2016-05-17,PA-PNM,CASTEL,Diurnal 3,STRI_0057,11:18,13:22,11,
2016-05-17,PA-PNM,CASTEL,Diurnal 3,STRI_0058,11:20,12:59,10,
2016-05-17,PA-PNM,CORDAL,Diurnal 3,STRI_0063,11:50,13:42,18,
2016-05-17,PA-PNM,CORDAL,Diurnal 3,STRI_0064,11:53,13:33,17,
2016-05-17,PA-PNM,FICUIN,Diurnal 3,STRI_0067,12:04,13:17,13.5,
2016-05-17,PA-PNM,FICUIN,Diurnal 3,STRI_0068,12:07,13:08,14,
2016-05-17,PA-PNM,LUEHSE,Diurnal 3,STRI_0059,11:28,-9999,20,
2016-05-17,PA-PNM,LUEHSE,Diurnal 3,STRI_0060,11:32,13:44,19,
2016-05-17,PA-PNM,PSE1SE,Diurnal 3,STRI_0055,11:11,13:30,8,
2016-05-17,PA-PNM,PSE1SE,Diurnal 3,STRI_0056,11:14,13:35,8,
2016-05-17,PA-PNM,ALBIAD,Diurnal 4,STRI_0089,14:04,14:52,18,
2016-05-17,PA-PNM,ALBIAD,Diurnal 4,STRI_0090,14:07,15:46,20,
2016-05-17,PA-PNM,ANACEX,Diurnal 4,STRI_0080,13:33,15:19,13,
2016-05-17,PA-PNM,ANACEX,Diurnal 4,STRI_0081,13:35,15:34,9.5,
2016-05-17,PA-PNM,ANTITR,Diurnal 4,STRI_0091,14:12,15:36,11,
2016-05-17,PA-PNM,ANTITR,Diurnal 4,STRI_0092,14:15,15:42,10,
2016-05-17,PA-PNM,CAL2CA,Diurnal 4,STRI_0084,13:50,15:28,12,
2016-05-17,PA-PNM,CAL2CA,Diurnal 4,STRI_0085,13:52,15:15,9,
2016-05-17,PA-PNM,CASTEL,Diurnal 4,STRI_0076,13:21,15:38,12.5,
2016-05-17,PA-PNM,CASTEL,Diurnal 4,STRI_0077,13:23,15:03,11.5,
2016-05-17,PA-PNM,CORDAL,Diurnal 4,STRI_0082,13:42,-9999,16,
2016-05-17,PA-PNM,CORDAL,Diurnal 4,STRI_0083,13:45,15:06,13.5,
2016-05-17,PA-PNM,FICUIN,Diurnal 4,STRI_0086,13:57,15:10,14,
2016-05-17,PA-PNM,FICUIN,Diurnal 4,STRI_0087,13:59,15:00,10,
2016-05-17,PA-PNM,LUEHSE,Diurnal 4,STRI_0078,13:27,15:40,23,
2016-05-17,PA-PNM,LUEHSE,Diurnal 4,STRI_0079,13:29,14:49,15.5,
2016-05-17,PA-PNM,PSE1SE,Diurnal 4,STRI_0074,13:14,15:08,9.5,
2016-05-17,PA-PNM,PSE1SE,Diurnal 4,STRI_0075,13:16,15:43,10,
2016-05-17,PA-PNM,ALBIAD,Diurnal 5,STRI_0107,17:05,-9999,10.5,
2016-05-17,PA-PNM,ALBIAD,Diurnal 5,STRI_0108,17:08,-9999,10,
2016-05-17,PA-PNM,ANACEX,Diurnal 5,STRI_0099,16:30,-9999,11,
2016-05-17,PA-PNM,ANACEX,Diurnal 5,STRI_0100,16:31,-9999,11,
2016-05-17,PA-PNM,ANTITR,Diurnal 5,STRI_0109,17:15,-9999,7,
2016-05-17,PA-PNM,ANTITR,Diurnal 5,STRI_0110,17:16,-9999,7.5,
2016-05-17,PA-PNM,CAL2CA,Diurnal 5,STRI_0103,16:51,-9999,7,
2016-05-17,PA-PNM,CAL2CA,Diurnal 5,STRI_0104,16:55,-9999,7,
2016-05-17,PA-PNM,CASTEL,Diurnal 5,STRI_0095,16:07,-9999,11,
2016-05-17,PA-PNM,CASTEL,Diurnal 5,STRI_0096,16:09,-9999,11.5,
2016-05-17,PA-PNM,CORDAL,Diurnal 5,STRI_0101,16:42,-9999,18,
2016-05-17,PA-PNM,CORDAL,Diurnal 5,STRI_0102,16:44,-9999,16.5,
2016-05-17,PA-PNM,FICUIN,Diurnal 5,STRI_0105,16:59,-9999,13.5,
2016-05-17,PA-PNM,FICUIN,Diurnal 5,STRI_0106,17:01,-9999,18,
2016-05-17,PA-PNM,LUEHSE,Diurnal 5,STRI_0097,16:17,-9999,22,
2016-05-17,PA-PNM,LUEHSE,Diurnal 5,STRI_0098,16:19,-9999,11.5,
2016-05-17,PA-PNM,PSE1SE,Diurnal 5,STRI_0093,16:00,-9999,9,
2016-05-17,PA-PNM,PSE1SE,Diurnal 5,STRI_0094,16:02,-9999,10,
2016-05-17,PA-PNM,ALBIAD,Pre-dawn LWP,STRI_0015,5:54,9:07,16.5,collection time estimated based on February sampling
2016-05-17,PA-PNM,ALBIAD,Pre-dawn LWP,STRI_0016,5:54,-9999,16.5,collection time estimated based on February sampling
2016-05-17,PA-PNM,ANACEX,Pre-dawn LWP,STRI_0007,5:17,-9999,4.5,collection time estimated based on February sampling
2016-05-17,PA-PNM,ANTITR,Pre-dawn LWP,STRI_0017,5:38,-9999,4.5,collection time estimated based on February sampling
2016-05-17,PA-PNM,ANTITR,Pre-dawn LWP,STRI_0018,5:38,9:04,5.5,collection time estimated based on February sampling
2016-05-17,PA-PNM,CAL2CA,Pre-dawn LWP,STRI_0011,5:05,-9999,3,collection time estimated based on February sampling
2016-05-17,PA-PNM,CAL2CA,Pre-dawn LWP,STRI_0012,5:05,-9999,3.5,collection time estimated based on February sampling
2016-05-17,PA-PNM,CASTEL,Pre-dawn LWP,STRI_0003,5:28,8:39,8,collection time estimated based on February sampling
2016-05-17,PA-PNM,CASTEL,Pre-dawn LWP,STRI_0004,5:28,-9999,4,collection time estimated based on February sampling
2016-05-17,PA-PNM,CORDAL,Pre-dawn LWP,STRI_0009,5:46,-9999,10,collection time estimated based on February sampling
2016-05-17,PA-PNM,CORDAL,Pre-dawn LWP,STRI_0010,5:46,-9999,16.5,collection time estimated based on February sampling
2016-05-17,PA-PNM,FICUIN,Pre-dawn LWP,STRI_0013,5:46,9:01,14.5,collection time estimated based on February sampling
2016-05-17,PA-PNM,FICUIN,Pre-dawn LWP,STRI_0014,5:46,8:53,14,collection time estimated based on February sampling
2016-05-17,PA-PNM,LUEHSE,Pre-dawn LWP,STRI_0005,5:10,8:44,7,collection time estimated based on February sampling
2016-05-17,PA-PNM,LUEHSE,Pre-dawn LWP,STRI_0006,5:10,-9999,4,collection time estimated based on February sampling
2016-05-17,PA-PNM,LUEHSE,Pre-dawn LWP,STRI_0006,5:10,8:41,8,collection time estimated based on February sampling
2016-05-17,PA-PNM,PSE1SE,Pre-dawn LWP,STRI_0001,5:30,-9999,5,collection time estimated based on February sampling
2016-05-17,PA-PNM,PSE1SE,Pre-dawn LWP,STRI_0002,5:30,-9999,7.5,collection time estimated based on February sampling
2016-05-24,PA-SLZ,APEIME,Diurnal 1,STRI_0143,7:53,-9999,5.5,
2016-05-24,PA-SLZ,APEIME,Diurnal 1,STRI_0144,7:55,-9999,6,
2016-05-24,PA-SLZ,CARAGU,Diurnal 1,STRI_0133,7:17,-9999,8,
2016-05-24,PA-SLZ,CARAGU,Diurnal 1,STRI_0134,7:18,8:46,8.5,
2016-05-24,PA-SLZ,GUATDU,Diurnal 1,STRI_0145,7:58,-9999,17,
2016-05-24,PA-SLZ,GUATDU,Diurnal 1,STRI_0146,8:01,-9999,16,
2016-05-24,PA-SLZ,MICOBO,Diurnal 1,STRI_0141,7:46,-9999,9,
2016-05-24,PA-SLZ,MICOBO,Diurnal 1,STRI_0142,7:48,-9999,11,
2016-05-24,PA-SLZ,TACHVE,Diurnal 1,STRI_0135,7:24,-9999,5,
2016-05-24,PA-SLZ,TACHVE,Diurnal 1,STRI_0136,7:28,-9999,6,
2016-05-24,PA-SLZ,TERMAM,Diurnal 1,STRI_0129,6:57,-9999,6,
2016-05-24,PA-SLZ,TERMAM,Diurnal 1,STRI_0130,6:59,-9999,6,
2016-05-24,PA-SLZ,TOCOPI,Diurnal 1,STRI_0131,7:06,8:58,5,
2016-05-24,PA-SLZ,TOCOPI,Diurnal 1,STRI_0132,7:10,8:21,7,
2016-05-24,PA-SLZ,VIROSP,Diurnal 1,STRI_0139,7:40,-9999,7,
2016-05-24,PA-SLZ,VIROSP,Diurnal 1,STRI_0140,7:42,-9999,19,
2016-05-24,PA-SLZ,VOCHFE,Diurnal 1,STRI_0137,7:33,-9999,9,
2016-05-24,PA-SLZ,VOCHFE,Diurnal 1,STRI_0138,7:35,8:33,8,
2016-05-24,PA-SLZ,APEIME,Diurnal 2,STRI_0161,10:12,-9999,9.5,
2016-05-24,PA-SLZ,APEIME,Diurnal 2,STRI_0162,10:14,-9999,10.5,
2016-05-24,PA-SLZ,CARAGU,Diurnal 2,STRI_0151,9:37,-9999,13,
2016-05-24,PA-SLZ,CARAGU,Diurnal 2,STRI_0152,9:39,10:42,11.5,
2016-05-24,PA-SLZ,GUATDU,Diurnal 2,STRI_0163,10:18,-9999,15,
2016-05-24,PA-SLZ,GUATDU,Diurnal 2,STRI_0164,10:20,-9999,18,
2016-05-24,PA-SLZ,MICOBO,Diurnal 2,STRI_0159,10:06,-9999,11.5,
2016-05-24,PA-SLZ,MICOBO,Diurnal 2,STRI_0160,10:08,-9999,12.5,
2016-05-24,PA-SLZ,TACHVE,Diurnal 2,STRI_0153,9:45,-9999,17.5,
2016-05-24,PA-SLZ,TACHVE,Diurnal 2,STRI_0154,9:47,-9999,9,
2016-05-24,PA-SLZ,TERMAM,Diurnal 2,STRI_0147,9:23,-9999,9,
2016-05-24,PA-SLZ,TERMAM,Diurnal 2,STRI_0148,9:25,-9999,13.5,
2016-05-24,PA-SLZ,TOCOPI,Diurnal 2,STRI_0149,9:30,-9999,11.5,
2016-05-24,PA-SLZ,TOCOPI,Diurnal 2,STRI_0150,9:33,-9999,14,
2016-05-24,PA-SLZ,VIROSP,Diurnal 2,STRI_0157,9:59,-9999,15,
2016-05-24,PA-SLZ,VIROSP,Diurnal 2,STRI_0158,10:01,-9999,14,
2016-05-24,PA-SLZ,VOCHFE,Diurnal 2,STRI_0155,9:52,-9999,15,
2016-05-24,PA-SLZ,VOCHFE,Diurnal 2,STRI_0156,9:54,-9999,11.5,
2016-05-24,PA-SLZ,APEIME,Diurnal 3,STRI_0179,12:19,13:05,9.5,
2016-05-24,PA-SLZ,APEIME,Diurnal 3,STRI_0180,12:22,-9999,9,
2016-05-24,PA-SLZ,CARAGU,Diurnal 3,STRI_0169,11:48,-9999,13.5,
2016-05-24,PA-SLZ,CARAGU,Diurnal 3,STRI_0170,11:50,-9999,13.5,
2016-05-24,PA-SLZ,GUATDU,Diurnal 3,STRI_0181,12:26,13:17,18,
2016-05-24,PA-SLZ,GUATDU,Diurnal 3,STRI_0182,12:28,-9999,-9999,damaged leaf
2016-05-24,PA-SLZ,MICOBO,Diurnal 3,STRI_0177,12:13,-9999,18,
2016-05-24,PA-SLZ,MICOBO,Diurnal 3,STRI_0178,12:15,13:31,15,
2016-05-24,PA-SLZ,TACHVE,Diurnal 3,STRI_0171,11:54,-9999,18,
2016-05-24,PA-SLZ,TACHVE,Diurnal 3,STRI_0172,11:56,-9999,16,
2016-05-24,PA-SLZ,TERMAM,Diurnal 3,STRI_0165,11:34,-9999,9,
2016-05-24,PA-SLZ,TERMAM,Diurnal 3,STRI_0166,11:36,-9999,10.5,
2016-05-24,PA-SLZ,TOCOPI,Diurnal 3,STRI_0167,11:41,-9999,9,
2016-05-24,PA-SLZ,TOCOPI,Diurnal 3,STRI_0168,11:44,-9999,8,
2016-05-24,PA-SLZ,VIROSP,Diurnal 3,STRI_0175,12:07,-9999,19.5,
2016-05-24,PA-SLZ,VIROSP,Diurnal 3,STRI_0176,12:09,-9999,22.5,
2016-05-24,PA-SLZ,VOCHFE,Diurnal 3,STRI_0173,12:00,-9999,15,
2016-05-24,PA-SLZ,VOCHFE,Diurnal 3,STRI_0174,12:03,13:07,12,
2016-05-24,PA-SLZ,APEIME,Diurnal 4,STRI_0197,15:05,-9999,9,
2016-05-24,PA-SLZ,APEIME,Diurnal 4,STRI_0198,15:07,-9999,7.5,
2016-05-24,PA-SLZ,CARAGU,Diurnal 4,STRI_0187,14:22,-9999,15,
2016-05-24,PA-SLZ,CARAGU,Diurnal 4,STRI_0188,14:24,-9999,15,
2016-05-24,PA-SLZ,GUATDU,Diurnal 4,STRI_0199,15:12,-9999,16,
2016-05-24,PA-SLZ,GUATDU,Diurnal 4,STRI_0200,15:14,-9999,15.5,
2016-05-24,PA-SLZ,MICOBO,Diurnal 4,STRI_0195,14:58,16:00,14,
2016-05-24,PA-SLZ,MICOBO,Diurnal 4,STRI_0196,15:01,15:41,16,
2016-05-24,PA-SLZ,TACHVE,Diurnal 4,STRI_0189,14:30,-9999,18,
2016-05-24,PA-SLZ,TACHVE,Diurnal 4,STRI_0190,14:33,-9999,14,
2016-05-24,PA-SLZ,TERMAM,Diurnal 4,STRI_0183,14:05,-9999,12,
2016-05-24,PA-SLZ,TERMAM,Diurnal 4,STRI_0184,14:07,-9999,15,
2016-05-24,PA-SLZ,TOCOPI,Diurnal 4,STRI_0185,14:13,-9999,12.5,
2016-05-24,PA-SLZ,TOCOPI,Diurnal 4,STRI_0186,14:16,-9999,13.5,
2016-05-24,PA-SLZ,VIROSP,Diurnal 4,STRI_0193,14:52,-9999,24,
2016-05-24,PA-SLZ,VIROSP,Diurnal 4,STRI_0194,14:54,-9999,23,"Maybe 15 bars, just two vessels"
2016-05-24,PA-SLZ,VOCHFE,Diurnal 4,STRI_0191,14:41,-9999,15,
2016-05-24,PA-SLZ,VOCHFE,Diurnal 4,STRI_0192,14:48,-9999,23,
2016-05-24,PA-SLZ,APEIME,Diurnal 5,STRI_0215,17:04,-9999,10,
2016-05-24,PA-SLZ,APEIME,Diurnal 5,STRI_0216,17:06,-9999,10,
2016-05-24,PA-SLZ,CARAGU,Diurnal 5,STRI_0205,16:34,-9999,12.5,
2016-05-24,PA-SLZ,CARAGU,Diurnal 5,STRI_0206,16:36,18:00,11.5,
2016-05-24,PA-SLZ,GUATDU,Diurnal 5,STRI_0217,17:09,17:43,10,
2016-05-24,PA-SLZ,GUATDU,Diurnal 5,STRI_0218,17:12,18:27,15,
2016-05-24,PA-SLZ,MICOBO,Diurnal 5,STRI_0213,16:58,-9999,10.5,
2016-05-24,PA-SLZ,MICOBO,Diurnal 5,STRI_0214,17:01,-9999,10.5,
2016-05-24,PA-SLZ,TACHVE,Diurnal 5,STRI_0207,16:40,-9999,19,
2016-05-24,PA-SLZ,TACHVE,Diurnal 5,STRI_0208,16:43,-9999,15,
2016-05-24,PA-SLZ,TERMAM,Diurnal 5,STRI_0201,16:21,-9999,7.5,
2016-05-24,PA-SLZ,TERMAM,Diurnal 5,STRI_0202,16:23,-9999,7,
2016-05-24,PA-SLZ,TOCOPI,Diurnal 5,STRI_0203,16:27,-9999,14,
2016-05-24,PA-SLZ,TOCOPI,Diurnal 5,STRI_0204,16:30,-9999,12,
2016-05-24,PA-SLZ,VIROSP,Diurnal 5,STRI_0211,16:52,-9999,19,
2016-05-24,PA-SLZ,VIROSP,Diurnal 5,STRI_0212,16:54,-9999,18.5,
2016-05-24,PA-SLZ,VOCHFE,Diurnal 5,STRI_0209,16:46,-9999,12.5,
2016-05-24,PA-SLZ,VOCHFE,Diurnal 5,STRI_0210,16:48,-9999,10,
2016-05-24,PA-SLZ,APEIME,Pre-dawn LWP,STRI_0119,6:03,-9999,4,collection time extimated based on February sampling schedule
2016-05-24,PA-SLZ,APEIME,Pre-dawn LWP,STRI_0122,6:03,-9999,5,collection time extimated based on February sampling schedule
2016-05-24,PA-SLZ,CARAGU,Pre-dawn LWP,STRI_0111,5:28,5:52,4.5,collection time extimated based on February sampling schedule
2016-05-24,PA-SLZ,CARAGU,Pre-dawn LWP,STRI_0114,5:28,-9999,5,collection time extimated based on February sampling schedule
2016-05-24,PA-SLZ,GUATDU,Pre-dawn LWP,STRI_0118,6:09,-9999,4,collection time extimated based on February sampling schedule
2016-05-24,PA-SLZ,GUATDU,Pre-dawn LWP,STRI_0127,6:09,-9999,5,collection time extimated based on February sampling schedule
2016-05-24,PA-SLZ,MICOBO,Pre-dawn LWP,STRI_0112,5:57,-9999,6.5,collection time extimated based on February sampling schedule
2016-05-24,PA-SLZ,MICOBO,Pre-dawn LWP,STRI_0125,5:57,-9999,4.5,collection time extimated based on February sampling schedule
2016-05-24,PA-SLZ,TACHVE,Pre-dawn LWP,STRI_0113,5:33,-9999,5,collection time extimated based on February sampling schedule
2016-05-24,PA-SLZ,TACHVE,Pre-dawn LWP,STRI_0121,5:33,-9999,6,collection time extimated based on February sampling schedule
2016-05-24,PA-SLZ,TERMAM,Pre-dawn LWP,STRI_0117,5:15,-9999,5,collection time extimated based on February sampling schedule
2016-05-24,PA-SLZ,TERMAM,Pre-dawn LWP,STRI_0124,5:15,-9999,6,collection time extimated based on February sampling schedule
2016-05-24,PA-SLZ,TOCOPI,Pre-dawn LWP,STRI_0115,5:22,-9999,4.5,collection time extimated based on February sampling schedule
2016-05-24,PA-SLZ,TOCOPI,Pre-dawn LWP,STRI_0116,5:22,-9999,6.5,collection time extimated based on February sampling schedule
2016-05-24,PA-SLZ,VIROSP,Pre-dawn LWP,STRI_0120,5:47,-9999,4,collection time extimated based on February sampling schedule
2016-05-24,PA-SLZ,VIROSP,Pre-dawn LWP,STRI_0128,5:47,6:17,5,collection time extimated based on February sampling schedule
2016-05-24,PA-SLZ,VOCHFE,Pre-dawn LWP,STRI_0123,5:40,-9999,5.5,collection time extimated based on February sampling schedule
2016-05-24,PA-SLZ,VOCHFE,Pre-dawn LWP,STRI_0126,5:40,-9999,5,collection time extimated based on February sampling schedule